{
    "name": "e4e180b3-2749-43ed-a46c-63d3821f7d8f",
    "id": "/providers/Microsoft.Flow/flows/e4e180b3-2749-43ed-a46c-63d3821f7d8f",
    "type": "Microsoft.Flow/flows",
    "properties": {
        "apiId": "/providers/Microsoft.PowerApps/apis/shared_logicflows",
        "displayName": "Populate EventsSummaryList with existing Consultations",
        "definition": {
            "metadata": {
                "workflowEntityId": null,
                "processAdvisorMetadata": null,
                "flowChargedByPaygo": null,
                "flowclientsuspensionreason": "None",
                "flowclientsuspensiontime": null,
                "flowclientsuspensionreasondetails": null,
                "creator": {
                    "id": "bc4e42a7-f5da-41df-b95b-ca5b538927c7",
                    "type": "User",
                    "tenantId": "3433ca34-11c7-462b-96a9-fd70adcc5bb0"
                },
                "provisioningMethod": "FromDefinition",
                "failureAlertSubscription": true,
                "clientLastModifiedTime": "2024-10-02T14:38:32.0235987Z",
                "connectionKeySavedTimeKey": "2024-10-02T14:38:32.0235987Z"
            },
            "$schema": "https://schema.management.azure.com/providers/Microsoft.Logic/schemas/2016-06-01/workflowdefinition.json#",
            "contentVersion": "undefined",
            "parameters": {
                "$authentication": {
                    "defaultValue": {
                    },
                    "type": "SecureObject"
                },
                "$connections": {
                    "defaultValue": {
                    },
                    "type": "Object"
                }
            },
            "triggers": {
                "manual": {
                    "type": "Request",
                    "kind": "Button",
                    "inputs": {
                        "schema": {
                            "type": "object",
                            "properties": {
                            },
                            "required": [
                            ]
                        }
                    }
                }
            },
            "actions": {
                "Define_ConsultationsList_URL_variable": {
                    "runAfter": {
                        "Compose_items_deleted_count_message": [
                            "Succeeded"
                        ]
                    },
                    "type": "InitializeVariable",
                    "inputs": {
                        "variables": [
                            {
                                "name": "ConsultationsListURL",
                                "type": "string",
                                "value": "https://eea1.sharepoint.com/sites/-EXT-EionetConfiguration/Lists/Consultations%20List/AllItems.aspx?"
                            }
                        ]
                    }
                },
                "Define_Consultation_Item_ID_variable": {
                    "runAfter": {
                        "Define_ConsultationsList_URL_variable": [
                            "Succeeded"
                        ]
                    },
                    "type": "InitializeVariable",
                    "inputs": {
                        "variables": [
                            {
                                "name": "ItemId",
                                "type": "integer"
                            }
                        ]
                    }
                },
                "Define_Consultation_Title_variable": {
                    "runAfter": {
                        "Define_Consultation_Item_ID_variable": [
                            "Succeeded"
                        ]
                    },
                    "type": "InitializeVariable",
                    "inputs": {
                        "variables": [
                            {
                                "name": "Title",
                                "type": "string"
                            }
                        ]
                    }
                },
                "Define_ConsultationsList_Link_variable": {
                    "runAfter": {
                        "Define_Consultation_Title_variable": [
                            "Succeeded"
                        ]
                    },
                    "type": "InitializeVariable",
                    "inputs": {
                        "variables": [
                            {
                                "name": "Link",
                                "type": "string"
                            }
                        ]
                    }
                },
                "Define_Consultation_Closed_date_variable": {
                    "runAfter": {
                        "Define_ConsultationsList_Link_variable": [
                            "Succeeded"
                        ]
                    },
                    "type": "InitializeVariable",
                    "inputs": {
                        "variables": [
                            {
                                "name": "ConsultationDate",
                                "type": "string"
                            }
                        ]
                    }
                },
                "Define_Consultation_type_variable": {
                    "runAfter": {
                        "Define_Consultation_Closed_date_variable": [
                            "Succeeded"
                        ]
                    },
                    "type": "InitializeVariable",
                    "inputs": {
                        "variables": [
                            {
                                "name": "ConsultationType",
                                "type": "string"
                            }
                        ]
                    }
                },
                "Define_Consultation_Eionet_Groups_array_variable": {
                    "runAfter": {
                        "Define_Consultation_type_variable": [
                            "Succeeded"
                        ]
                    },
                    "type": "InitializeVariable",
                    "inputs": {
                        "variables": [
                            {
                                "name": "GroupsArray",
                                "type": "array"
                            }
                        ]
                    }
                },
                "Get_items_from_ConsultationsList": {
                    "runAfter": {
                        "Reset_deleted_items_counter_variable": [
                            "Succeeded"
                        ]
                    },
                    "type": "OpenApiConnection",
                    "inputs": {
                        "parameters": {
                            "dataset": "https://eea1.sharepoint.com/sites/-EXT-EionetConfiguration",
                            "table": "1792f20b-3ab3-4d3a-9a19-55090075ee54",
                            "$top": 9999
                        },
                        "host": {
                            "apiId": "/providers/Microsoft.PowerApps/apis/shared_sharepointonline",
                            "connectionName": "shared_sharepointonline",
                            "operationId": "GetItems"
                        },
                        "authentication": {
                            "value": "@json(decodeBase64(triggerOutputs().headers['X-MS-APIM-Tokens']))['$ConnectionKey']",
                            "type": "Raw"
                        }
                    }
                },
                "For_each_item_in_ConsultationsList": {
                    "foreach": "@outputs('Get_items_from_ConsultationsList')?['body/value']",
                    "actions": {
                        "Get_Consultation_Item_ID": {
                            "type": "SetVariable",
                            "inputs": {
                                "name": "ItemId",
                                "value": "@items('For_each_item_in_ConsultationsList')['ID']"
                            }
                        },
                        "Get_Consultation_Title": {
                            "runAfter": {
                                "Get_Consultation_Item_ID": [
                                    "Succeeded"
                                ]
                            },
                            "type": "SetVariable",
                            "inputs": {
                                "name": "Title",
                                "value": "@items('For_each_item_in_ConsultationsList')['Title']"
                            }
                        },
                        "Get_Consultation_Closed_date": {
                            "runAfter": {
                                "Get_Consultation_Title": [
                                    "Succeeded"
                                ]
                            },
                            "type": "SetVariable",
                            "inputs": {
                                "name": "ConsultationDate",
                                "value": "@items('For_each_item_in_ConsultationsList')['Closed']"
                            }
                        },
                        "Get_Consultation_Type": {
                            "runAfter": {
                                "Get_Consultation_Closed_date": [
                                    "Succeeded"
                                ]
                            },
                            "type": "SetVariable",
                            "inputs": {
                                "name": "ConsultationType",
                                "value": "@items('For_each_item_in_ConsultationsList')['ConsultationType']['Value']"
                            }
                        },
                        "Get_ConsultationsList_Link": {
                            "runAfter": {
                                "Get_Consultation_Type": [
                                    "Succeeded"
                                ]
                            },
                            "type": "SetVariable",
                            "inputs": {
                                "name": "Link",
                                "value": "@concat(variables('ConsultationsListURL'), 'FilterField1=ID&FilterValue1=', variables('ItemID'), '&FilterType1=Counter')"
                            }
                        },
                        "Get_Consultation_Eionet_Groups_list": {
                            "runAfter": {
                                "Get_ConsultationsList_Link": [
                                    "Succeeded"
                                ]
                            },
                            "type": "Select",
                            "inputs": {
                                "from": "@items('For_each_item_in_ConsultationsList')['EionetGroups']",
                                "select": {
                                    "Value": "@item()?['Value']"
                                }
                            }
                        },
                        "Set_Consultation_Eionet_Groups_array": {
                            "runAfter": {
                                "Get_Consultation_Eionet_Groups_list": [
                                    "Succeeded"
                                ]
                            },
                            "type": "SetVariable",
                            "inputs": {
                                "name": "GroupsArray",
                                "value": "@body('Get_Consultation_Eionet_Groups_list')"
                            }
                        },
                        "Create_item_in_EventsSummary_list": {
                            "runAfter": {
                                "Set_Consultation_Eionet_Groups_array": [
                                    "Succeeded"
                                ]
                            },
                            "type": "OpenApiConnection",
                            "inputs": {
                                "parameters": {
                                    "dataset": "https://eea1.sharepoint.com/sites/-EXT-EionetConfiguration",
                                    "table": "2fabd632-3672-469b-990a-7dcc56460ec6",
                                    "item/Title": "@variables('Title')",
                                    "item/StartDate": "@variables('ConsultationDate')",
                                    "item/EndDate": "@variables('ConsultationDate')",
                                    "item/LinkToEvent": "@variables('Link')",
                                    "item/EventCategory/Value": "@variables('ConsultationType')",
                                    "item/Groups": "@variables('GroupsArray')",
                                    "item/OriginalId": "@variables('ItemId')",
                                    "item/SourceList/Value": "ConsultationsList"
                                },
                                "host": {
                                    "apiId": "/providers/Microsoft.PowerApps/apis/shared_sharepointonline",
                                    "connectionName": "shared_sharepointonline",
                                    "operationId": "PostItem"
                                },
                                "authentication": {
                                    "value": "@json(decodeBase64(triggerOutputs().headers['X-MS-APIM-Tokens']))['$ConnectionKey']",
                                    "type": "Raw"
                                }
                            }
                        },
                        "Increment_inserted_items_counter": {
                            "runAfter": {
                                "Create_item_in_EventsSummary_list": [
                                    "Succeeded"
                                ]
                            },
                            "type": "IncrementVariable",
                            "inputs": {
                                "name": "Counter",
                                "value": 1
                            }
                        }
                    },
                    "runAfter": {
                        "Get_items_from_ConsultationsList": [
                            "Succeeded"
                        ]
                    },
                    "type": "Foreach"
                },
                "Compose_items_inserted_count_message": {
                    "runAfter": {
                        "For_each_item_in_ConsultationsList": [
                            "Succeeded"
                        ]
                    },
                    "type": "Compose",
                    "inputs": "@concat(variables('Counter'), ' Consultations were inserted in the EventsSummaryList list.')"
                },
                "Define_counter_variable": {
                    "runAfter": {
                    },
                    "type": "InitializeVariable",
                    "inputs": {
                        "variables": [
                            {
                                "name": "Counter",
                                "type": "integer",
                                "value": 0
                            }
                        ]
                    }
                },
                "Get_all_Consultations_in_EventsSummaryList_list": {
                    "runAfter": {
                        "Define_counter_variable": [
                            "Succeeded"
                        ]
                    },
                    "type": "OpenApiConnection",
                    "inputs": {
                        "parameters": {
                            "dataset": "https://eea1.sharepoint.com/sites/-EXT-EionetConfiguration",
                            "table": "2fabd632-3672-469b-990a-7dcc56460ec6",
                            "$filter": "SourceList eq 'ConsultationsList'"
                        },
                        "host": {
                            "apiId": "/providers/Microsoft.PowerApps/apis/shared_sharepointonline",
                            "connectionName": "shared_sharepointonline",
                            "operationId": "GetItems"
                        },
                        "authentication": {
                            "value": "@json(decodeBase64(triggerOutputs().headers['X-MS-APIM-Tokens']))['$ConnectionKey']",
                            "type": "Raw"
                        }
                    }
                },
                "For_each_Consultation_item_in_EventsSummaryList_list": {
                    "foreach": "@outputs('Get_all_Consultations_in_EventsSummaryList_list')?['body/value']",
                    "actions": {
                        "Delete_item_from_EventsSummaryList": {
                            "type": "OpenApiConnection",
                            "inputs": {
                                "parameters": {
                                    "dataset": "https://eea1.sharepoint.com/sites/-EXT-EionetConfiguration",
                                    "table": "2fabd632-3672-469b-990a-7dcc56460ec6",
                                    "id": "@items('For_each_Consultation_item_in_EventsSummaryList_list')['ID']"
                                },
                                "host": {
                                    "apiId": "/providers/Microsoft.PowerApps/apis/shared_sharepointonline",
                                    "connectionName": "shared_sharepointonline",
                                    "operationId": "DeleteItem"
                                },
                                "authentication": {
                                    "value": "@json(decodeBase64(triggerOutputs().headers['X-MS-APIM-Tokens']))['$ConnectionKey']",
                                    "type": "Raw"
                                }
                            }
                        },
                        "Increment_deleted_items_counter": {
                            "runAfter": {
                                "Delete_item_from_EventsSummaryList": [
                                    "Succeeded"
                                ]
                            },
                            "type": "IncrementVariable",
                            "inputs": {
                                "name": "Counter",
                                "value": 1
                            }
                        }
                    },
                    "runAfter": {
                        "Get_all_Consultations_in_EventsSummaryList_list": [
                            "Succeeded"
                        ]
                    },
                    "type": "Foreach"
                },
                "Compose_items_deleted_count_message": {
                    "runAfter": {
                        "For_each_Consultation_item_in_EventsSummaryList_list": [
                            "Succeeded"
                        ]
                    },
                    "type": "Compose",
                    "inputs": "@concat(variables('Counter'), ' Consultations were deleted from the EventsSummaryList list.')"
                },
                "Reset_deleted_items_counter_variable": {
                    "runAfter": {
                        "Define_Consultation_Eionet_Groups_array_variable": [
                            "Succeeded"
                        ]
                    },
                    "type": "SetVariable",
                    "inputs": {
                        "name": "Counter",
                        "value": 0
                    }
                }
            }
        },
        "connectionReferences": {
            "shared_sharepointonline": {
                "connectionName": "30701ad70fa345128eac9b8242c79131",
                "source": "Invoker",
                "id": "/providers/Microsoft.PowerApps/apis/shared_sharepointonline",
                "tier": "NotSpecified"
            }
        },
        "flowFailureAlertSubscribed": false,
        "isManaged": false
    }
}