{
	"name": "dd542e02-f08a-4cc7-b644-020c08421427",
	"id": "/providers/Microsoft.Flow/flows/dd542e02-f08a-4cc7-b644-020c08421427",
	"type": "Microsoft.Flow/flows",
	"properties": {
		"apiId": "/providers/Microsoft.PowerApps/apis/shared_logicflows",
		"displayName": "Update ECConsultationsList on ConsultationsList Delete event",
		"definition": {
			"metadata": {
				"workflowEntityId": null,
				"processAdvisorMetadata": null,
				"flowChargedByPaygo": null,
				"flowclientsuspensionreason": "None",
				"flowclientsuspensiontime": null,
				"flowclientsuspensionreasondetails": null,
				"creator": {
					"id": "bc4e42a7-f5da-41df-b95b-ca5b538927c7",
					"type": "User",
					"tenantId": "3433ca34-11c7-462b-96a9-fd70adcc5bb0"
				},
				"provisioningMethod": "FromDefinition",
				"failureAlertSubscription": true,
				"clientLastModifiedTime": "2024-04-28T05:19:09.9796523Z",
				"connectionKeySavedTimeKey": "2024-04-28T05:19:09.9796523Z"
			},
			"$schema": "https://schema.management.azure.com/providers/Microsoft.Logic/schemas/2016-06-01/workflowdefinition.json#",
			"contentVersion": "1.0.0.0",
			"parameters": {
				"$authentication": {
					"defaultValue": {},
					"type": "SecureObject"
				},
				"$connections": {
					"defaultValue": {},
					"type": "Object"
				}
			},
			"triggers": {
				"When_items_are_deleted_in_the_ConsultationsList": {
					"recurrence": {
						"frequency": "Minute",
						"interval": 5
					},
					"type": "OpenApiConnection",
					"inputs": {
						"parameters": {
							"dataset": "https://eea1.sharepoint.com/sites/-EXT-EionetConfiguration",
							"table": "1792f20b-3ab3-4d3a-9a19-55090075ee54"
						},
						"host": {
							"apiId": "/providers/Microsoft.PowerApps/apis/shared_sharepointonline",
							"connectionName": "shared_sharepointonline",
							"operationId": "GetOnDeletedItems"
						},
						"authentication": "@parameters('$authentication')"
					},
					"conditions": []
				}
			},
			"actions": {
				"Get_ConsultationsList_deleted_items_array_variable": {
					"runAfter": {},
					"type": "InitializeVariable",
					"inputs": {
						"variables": [
							{
								"name": "DeletedItems",
								"type": "array",
								"value": "@triggerOutputs()?['body/value']"
							}
						]
					}
				},
				"For_each_item_deleted_in_ConsultationsList": {
					"foreach": "@variables('DeletedItems')",
					"actions": {
						"Get_the_items_to_delete_from_ECConsulationsList": {
							"runAfter": {
								"Get_ConsultationsList_deleted_item_ID": [
									"Succeeded"
								]
							},
							"type": "OpenApiConnection",
							"inputs": {
								"parameters": {
									"dataset": "https://eea1.sharepoint.com/teams/-EXT-EuropeanCommission516",
									"table": "6d6daf1b-8c7d-49ac-bef6-07d68ea9db30",
									"$filter": "OriginalConsultationId eq @{variables('DeletedItemID')}"
								},
								"host": {
									"apiId": "/providers/Microsoft.PowerApps/apis/shared_sharepointonline",
									"connectionName": "shared_sharepointonline",
									"operationId": "GetItems"
								},
								"authentication": "@parameters('$authentication')"
							}
						},
						"Get_ConsultationsList_deleted_item": {
							"type": "SetVariable",
							"inputs": {
								"name": "DeletedItem",
								"value": "@{items('For_each_item_deleted_in_ConsultationsList')}"
							}
						},
						"Get_ConsultationsList_deleted_item_ID": {
							"runAfter": {
								"Get_ConsultationsList_deleted_item": [
									"Succeeded"
								]
							},
							"type": "SetVariable",
							"inputs": {
								"name": "DeletedItemID",
								"value": "@items('For_each_item_deleted_in_ConsultationsList')['ID']"
							}
						},
						"Get_ECConsultationsList_items_to_delete_count": {
							"runAfter": {
								"Get_the_items_to_delete_from_ECConsulationsList": [
									"Succeeded"
								]
							},
							"type": "SetVariable",
							"inputs": {
								"name": "HowManyItemsToDelete",
								"value": "@length(outputs('Get_the_items_to_delete_from_ECConsulationsList')?['body/value'])"
							}
						},
						"Are_there_any_items_to_delete_from_ECConsultationsList": {
							"actions": {
								"For_each_item_to_delete_from_ECConsultationsList": {
									"foreach": "@outputs('Get_the_items_to_delete_from_ECConsulationsList')?['body/value']",
									"actions": {
										"Delete_item_from_ECConsultationsList": {
											"type": "OpenApiConnection",
											"inputs": {
												"parameters": {
													"dataset": "https://eea1.sharepoint.com/teams/-EXT-EuropeanCommission516",
													"table": "6d6daf1b-8c7d-49ac-bef6-07d68ea9db30",
													"id": "@items('For_each_item_to_delete_from_ECConsultationsList')?['ID']"
												},
												"host": {
													"apiId": "/providers/Microsoft.PowerApps/apis/shared_sharepointonline",
													"connectionName": "shared_sharepointonline",
													"operationId": "DeleteItem"
												},
												"authentication": "@parameters('$authentication')"
											}
										}
									},
									"type": "Foreach"
								}
							},
							"runAfter": {
								"Get_ECConsultationsList_items_to_delete_count": [
									"Succeeded"
								]
							},
							"else": {
								"actions": {
									"Debug_-_No_items_to_delete_in_ECConsultationsList": {
										"type": "Compose",
										"inputs": "@replace('There are no items with ID: <ID> to be deleted from ECConsultationsList', '<ID>', string(variables('DeletedItemID')))"
									}
								}
							},
							"expression": {
								"and": [
									{
										"greater": [
											"@variables('HowManyItemsToDelete')",
											0
										]
									}
								]
							},
							"type": "If"
						}
					},
					"runAfter": {
						"Define_ECConsultationsList_count_of_items_to_delete_variable": [
							"Succeeded"
						]
					},
					"type": "Foreach"
				},
				"Get_ConsultationsList_deleted_items_array_length_variable": {
					"runAfter": {
						"Get_ConsultationsList_deleted_items_array_variable": [
							"Succeeded"
						]
					},
					"type": "InitializeVariable",
					"inputs": {
						"variables": [
							{
								"name": "DeletedItemsCount",
								"type": "integer",
								"value": "@length(variables('DeletedItems'))"
							}
						]
					}
				},
				"Define_ConsultationsList_single_deleted_item_variable": {
					"runAfter": {
						"Get_ConsultationsList_deleted_items_array_length_variable": [
							"Succeeded"
						]
					},
					"type": "InitializeVariable",
					"inputs": {
						"variables": [
							{
								"name": "DeletedItem",
								"type": "string"
							}
						]
					}
				},
				"_Define_ConsultationsList_deleted_item_ID_variable": {
					"runAfter": {
						"Define_ConsultationsList_single_deleted_item_variable": [
							"Succeeded"
						]
					},
					"type": "InitializeVariable",
					"inputs": {
						"variables": [
							{
								"name": "DeletedItemID",
								"type": "integer"
							}
						]
					}
				},
				"Define_ECConsultationsList_count_of_items_to_delete_variable": {
					"runAfter": {
						"_Define_ConsultationsList_deleted_item_ID_variable": [
							"Succeeded"
						]
					},
					"type": "InitializeVariable",
					"inputs": {
						"variables": [
							{
								"name": "HowManyItemsToDelete",
								"type": "integer"
							}
						]
					}
				}
			},
			"outputs": {}
		},
		"connectionReferences": {
			"shared_sharepointonline": {
				"connectionName": "30701ad70fa345128eac9b8242c79131",
				"source": "Embedded",
				"id": "/providers/Microsoft.PowerApps/apis/shared_sharepointonline",
				"tier": "NotSpecified"
			}
		},
		"flowFailureAlertSubscribed": false,
		"isManaged": false
	}
}