{
    "name": "00b7a073-76fe-4389-881e-ae18a729ead5",
    "id": "/providers/Microsoft.Flow/flows/00b7a073-76fe-4389-881e-ae18a729ead5",
    "type": "Microsoft.Flow/flows",
    "properties": {
        "apiId": "/providers/Microsoft.PowerApps/apis/shared_logicflows",
        "displayName": "Update EventsSummary on EventsList Delete event",
        "definition": {
            "metadata": {
                "workflowEntityId": null,
                "processAdvisorMetadata": null,
                "flowChargedByPaygo": null,
                "flowclientsuspensionreason": "None",
                "flowclientsuspensiontime": null,
                "flowclientsuspensionreasondetails": null,
                "creator": {
                    "id": "bc4e42a7-f5da-41df-b95b-ca5b538927c7",
                    "type": "User",
                    "tenantId": "3433ca34-11c7-462b-96a9-fd70adcc5bb0"
                },
                "provisioningMethod": "FromDefinition",
                "failureAlertSubscription": true,
                "clientLastModifiedTime": "2024-09-24T06:58:11.2167031Z",
                "connectionKeySavedTimeKey": "2024-09-24T06:58:11.2167031Z"
            },
            "$schema": "https://schema.management.azure.com/providers/Microsoft.Logic/schemas/2016-06-01/workflowdefinition.json#",
            "contentVersion": "1.0.0.0",
            "parameters": {
                "$authentication": {
                    "defaultValue": {
                    },
                    "type": "SecureObject"
                },
                "$connections": {
                    "defaultValue": {
                    },
                    "type": "Object"
                }
            },
            "triggers": {
                "When_items_are_deleted_in_the_EventsList": {
                    "recurrence": {
                        "frequency": "Minute",
                        "interval": 5
                    },
                    "type": "OpenApiConnection",
                    "inputs": {
                        "parameters": {
                            "dataset": "https://eea1.sharepoint.com/sites/-EXT-EionetConfiguration",
                            "table": "b914cc87-d3da-4e40-8827-03aecdefd3ad"
                        },
                        "host": {
                            "apiId": "/providers/Microsoft.PowerApps/apis/shared_sharepointonline",
                            "connectionName": "shared_sharepointonline",
                            "operationId": "GetOnDeletedItems"
                        },
                        "authentication": "@parameters('$authentication')"
                    },
                    "conditions": [
                    ]
                }
            },
            "actions": {
                "Get_EventsList_deleted_items_array_variable": {
                    "runAfter": {
                    },
                    "type": "InitializeVariable",
                    "inputs": {
                        "variables": [
                            {
                                "name": "DeletedItems",
                                "type": "array",
                                "value": "@triggerOutputs()?['body/value']"
                            }
                        ]
                    }
                },
                "For_each_item_deleted_in_EventsList": {
                    "foreach": "@variables('DeletedItems')",
                    "actions": {
                        "Get_the_items_to_delete_from_EventsSummary_list": {
                            "runAfter": {
                                "Get_EventsList_deleted_item_ID": [
                                    "Succeeded"
                                ]
                            },
                            "type": "OpenApiConnection",
                            "inputs": {
                                "parameters": {
                                    "dataset": "https://eea1.sharepoint.com/sites/-EXT-EionetConfiguration",
                                    "table": "2fabd632-3672-469b-990a-7dcc56460ec6",
                                    "$filter": "OriginalId eq @{variables('DeletedItemID')} and SourceList eq 'EventsList'"
                                },
                                "host": {
                                    "apiId": "/providers/Microsoft.PowerApps/apis/shared_sharepointonline",
                                    "connectionName": "shared_sharepointonline",
                                    "operationId": "GetItems"
                                },
                                "authentication": "@parameters('$authentication')"
                            }
                        },
                        "Get_EventsList_deleted_item": {
                            "type": "SetVariable",
                            "inputs": {
                                "name": "DeletedItem",
                                "value": "@items('For_each_item_deleted_in_EventsList')"
                            }
                        },
                        "Get_EventsList_deleted_item_ID": {
                            "runAfter": {
                                "Get_EventsList_deleted_item": [
                                    "Succeeded"
                                ]
                            },
                            "type": "SetVariable",
                            "inputs": {
                                "name": "DeletedItemID",
                                "value": "@items('For_each_item_deleted_in_EventsList')['ID']"
                            }
                        },
                        "Get_EventsSummary_list_items_to_delete_count": {
                            "runAfter": {
                                "Get_the_items_to_delete_from_EventsSummary_list": [
                                    "Succeeded"
                                ]
                            },
                            "type": "SetVariable",
                            "inputs": {
                                "name": "HowManyItemsToDelete",
                                "value": "@length(outputs('Get_the_items_to_delete_from_EventsSummary_list')?['body/value'])"
                            }
                        },
                        "Are_there_any_items_to_delete_from_EventsSummary_list": {
                            "actions": {
                                "For_each_item_to_delete_from_EventsSummary_list": {
                                    "foreach": "@outputs('Get_the_items_to_delete_from_EventsSummary_list')?['body/value']",
                                    "actions": {
                                        "Delete_item_from_EventsSummary_list": {
                                            "type": "OpenApiConnection",
                                            "inputs": {
                                                "parameters": {
                                                    "dataset": "https://eea1.sharepoint.com/sites/-EXT-EionetConfiguration",
                                                    "table": "2fabd632-3672-469b-990a-7dcc56460ec6",
                                                    "id": "@items('For_each_item_to_delete_from_EventsSummary_list')?['ID']"
                                                },
                                                "host": {
                                                    "apiId": "/providers/Microsoft.PowerApps/apis/shared_sharepointonline",
                                                    "connectionName": "shared_sharepointonline",
                                                    "operationId": "DeleteItem"
                                                },
                                                "authentication": "@parameters('$authentication')"
                                            }
                                        }
                                    },
                                    "type": "Foreach"
                                }
                            },
                            "runAfter": {
                                "Get_EventsSummary_list_items_to_delete_count": [
                                    "Succeeded"
                                ]
                            },
                            "else": {
                                "actions": {
                                    "Compose_no_items_to_delete_message": {
                                        "type": "Compose",
                                        "inputs": "@replace('There are no items with ID: <ID> to be deleted from EventsSummary list', '<ID>', string(variables('DeletedItemID')))"
                                    }
                                }
                            },
                            "expression": {
                                "and": [
                                    {
                                        "greater": [
                                            "@variables('HowManyItemsToDelete')",
                                            0
                                        ]
                                    }
                                ]
                            },
                            "type": "If"
                        }
                    },
                    "runAfter": {
                        "Define_EventsList_count_of_items_to_delete_variable": [
                            "Succeeded"
                        ]
                    },
                    "type": "Foreach"
                },
                "Get_EventsList_deleted_items_array_length_variable": {
                    "runAfter": {
                        "Get_EventsList_deleted_items_array_variable": [
                            "Succeeded"
                        ]
                    },
                    "type": "InitializeVariable",
                    "inputs": {
                        "variables": [
                            {
                                "name": "DeletedItemsCount",
                                "type": "integer",
                                "value": "@length(variables('DeletedItems'))"
                            }
                        ]
                    }
                },
                "Define_EventsList_single_deleted_item_variable": {
                    "runAfter": {
                        "Get_EventsList_deleted_items_array_length_variable": [
                            "Succeeded"
                        ]
                    },
                    "type": "InitializeVariable",
                    "inputs": {
                        "variables": [
                            {
                                "name": "DeletedItem",
                                "type": "object"
                            }
                        ]
                    }
                },
                "_Define_EventsList_deleted_item_ID_variable": {
                    "runAfter": {
                        "Define_EventsList_single_deleted_item_variable": [
                            "Succeeded"
                        ]
                    },
                    "type": "InitializeVariable",
                    "inputs": {
                        "variables": [
                            {
                                "name": "DeletedItemID",
                                "type": "integer"
                            }
                        ]
                    }
                },
                "Define_EventsList_count_of_items_to_delete_variable": {
                    "runAfter": {
                        "_Define_EventsList_deleted_item_ID_variable": [
                            "Succeeded"
                        ]
                    },
                    "type": "InitializeVariable",
                    "inputs": {
                        "variables": [
                            {
                                "name": "HowManyItemsToDelete",
                                "type": "integer"
                            }
                        ]
                    }
                }
            },
            "outputs": {
            }
        },
        "connectionReferences": {
            "shared_sharepointonline": {
                "connectionName": "30701ad70fa345128eac9b8242c79131",
                "source": "Embedded",
                "id": "/providers/Microsoft.PowerApps/apis/shared_sharepointonline",
                "tier": "NotSpecified"
            }
        },
        "flowFailureAlertSubscribed": false,
        "isManaged": false
    }
}