{
	"name": "3d7101c1-d574-44df-9adc-55f8a58e0ada",
	"id": "/providers/Microsoft.Flow/flows/3d7101c1-d574-44df-9adc-55f8a58e0ada",
	"type": "Microsoft.Flow/flows",
	"properties": {
		"apiId": "/providers/Microsoft.PowerApps/apis/shared_logicflows",
		"displayName": "Update ECConsultationsList on ConsultationsList CreateUpdate event",
		"definition": {
			"metadata": {
				"workflowEntityId": null,
				"processAdvisorMetadata": null,
				"flowChargedByPaygo": null,
				"flowclientsuspensionreason": "None",
				"flowclientsuspensiontime": null,
				"flowclientsuspensionreasondetails": null,
				"creator": {
					"id": "bc4e42a7-f5da-41df-b95b-ca5b538927c7",
					"type": "User",
					"tenantId": "3433ca34-11c7-462b-96a9-fd70adcc5bb0"
				},
				"provisioningMethod": "FromDefinition",
				"failureAlertSubscription": true,
				"clientLastModifiedTime": "2024-04-29T14:43:37.2607636Z",
				"connectionKeySavedTimeKey": "2024-04-29T14:43:26.5768256Z"
			},
			"$schema": "https://schema.management.azure.com/providers/Microsoft.Logic/schemas/2016-06-01/workflowdefinition.json#",
			"contentVersion": "1.0.0.0",
			"parameters": {
				"$authentication": {
					"defaultValue": {},
					"type": "SecureObject"
				},
				"$connections": {
					"defaultValue": {},
					"type": "Object"
				}
			},
			"triggers": {
				"When_an_item_is_created_or_modified_in_ConsultationsList": {
					"recurrence": {
						"frequency": "Minute",
						"interval": 5
					},
					"type": "OpenApiConnection",
					"inputs": {
						"parameters": {
							"dataset": "https://eea1.sharepoint.com/sites/-EXT-EionetConfiguration",
							"table": "1792f20b-3ab3-4d3a-9a19-55090075ee54"
						},
						"host": {
							"apiId": "/providers/Microsoft.PowerApps/apis/shared_sharepointonline",
							"connectionName": "shared_sharepointonline",
							"operationId": "GetOnUpdatedItems"
						},
						"authentication": "@parameters('$authentication')"
					}
				}
			},
			"actions": {
				"Define_isECConsultation_variable": {
					"runAfter": {},
					"type": "InitializeVariable",
					"inputs": {
						"variables": [
							{
								"name": "isECConsultation",
								"type": "string"
							}
						]
					}
				},
				"Apply_to_each_item_created_or_updated_in_ConsultationsList": {
					"foreach": "@variables('CreatedUpdatedItems')",
					"actions": {
						"Get_isECConsulation": {
							"runAfter": {
								"Get_item_ID": [
									"Succeeded"
								]
							},
							"type": "SetVariable",
							"inputs": {
								"name": "isECConsultation",
								"value": "@{items('Apply_to_each_item_created_or_updated_in_ConsultationsList')['IsECConsultation']}"
							}
						},
						"Should_update_ECConsultationsList": {
							"actions": {
								"Get_existing_items_to_update_in_ECConsultationsList": {
									"type": "OpenApiConnection",
									"inputs": {
										"parameters": {
											"dataset": "https://eea1.sharepoint.com/teams/-EXT-EuropeanCommission516",
											"table": "6d6daf1b-8c7d-49ac-bef6-07d68ea9db30",
											"$filter": "OriginalConsultationId eq @{variables('ConsultationId')}"
										},
										"host": {
											"apiId": "/providers/Microsoft.PowerApps/apis/shared_sharepointonline",
											"connectionName": "shared_sharepointonline",
											"operationId": "GetItems"
										},
										"authentication": "@parameters('$authentication')"
									}
								},
								"Get_count_of_existing_items_to_update_in_ECConsultationsList": {
									"runAfter": {
										"Get_existing_items_to_update_in_ECConsultationsList": [
											"Succeeded"
										]
									},
									"type": "SetVariable",
									"inputs": {
										"name": "ExistingItemsCount",
										"value": "@length(outputs('Get_existing_items_to_update_in_ECConsultationsList')?['body/value'])"
									}
								},
								"Are_there_any_items_to_update_in_ECConsultationsList": {
									"actions": {
										"For_each_item_to_update_in_ECConsultationsList": {
											"foreach": "@outputs('Get_existing_items_to_update_in_ECConsultationsList')?['body/value']",
											"actions": {
												"Update_item_in_ECConsultationsList": {
													"type": "OpenApiConnection",
													"inputs": {
														"parameters": {
															"dataset": "https://eea1.sharepoint.com/teams/-EXT-EuropeanCommission516",
															"table": "6d6daf1b-8c7d-49ac-bef6-07d68ea9db30",
															"id": "@items('For_each_item_to_update_in_ECConsultationsList')?['ID']",
															"item/Title": "@{items('Apply_to_each_item_created_or_updated_in_ConsultationsList')?['Title']}",
															"item/Startdate": "@{items('Apply_to_each_item_created_or_updated_in_ConsultationsList')?['Startdate']}",
															"item/Closed": "@{items('Apply_to_each_item_created_or_updated_in_ConsultationsList')?['Closed']}",
															"item/OriginalConsultationId": "@variables('ConsultationId')",
															"item/ConsultationType/Value": "@{items('Apply_to_each_item_created_or_updated_in_ConsultationsList')?['ConsultationType']?['Value']}",
															"item/Deadline": "@{items('Apply_to_each_item_created_or_updated_in_ConsultationsList')['Deadline']}",
															"item/Consulationmanager/Claims": "@{items('Apply_to_each_item_created_or_updated_in_ConsultationsList')?['Consulationmanager']?['Email']}",
															"item/LinkToECTool": "@{items('Apply_to_each_item_created_or_updated_in_ConsultationsList')?['LinkToECTool']}",
															"item/LinkToMaterial": "@{items('Apply_to_each_item_created_or_updated_in_ConsultationsList')?['LinkToMaterial']}",
															"item/ECGroups/Value": "@{items('Apply_to_each_item_created_or_updated_in_ConsultationsList')?['ECGroups']?['Value']}"
														},
														"host": {
															"apiId": "/providers/Microsoft.PowerApps/apis/shared_sharepointonline",
															"connectionName": "shared_sharepointonline",
															"operationId": "PatchItem"
														},
														"authentication": "@parameters('$authentication')"
													}
												}
											},
											"type": "Foreach"
										}
									},
									"runAfter": {
										"Get_count_of_existing_items_to_update_in_ECConsultationsList": [
											"Succeeded"
										]
									},
									"else": {
										"actions": {
											"Create_item_in_ECConsultationsList": {
												"type": "OpenApiConnection",
												"inputs": {
													"parameters": {
														"dataset": "https://eea1.sharepoint.com/teams/-EXT-EuropeanCommission516",
														"table": "6d6daf1b-8c7d-49ac-bef6-07d68ea9db30",
														"item/Title": "@{items('Apply_to_each_item_created_or_updated_in_ConsultationsList')['Title']}",
														"item/Startdate": "@{items('Apply_to_each_item_created_or_updated_in_ConsultationsList')['Startdate']}",
														"item/Closed": "@{items('Apply_to_each_item_created_or_updated_in_ConsultationsList')['Closed']}",
														"item/OriginalConsultationId": "@variables('ConsultationId')",
														"item/ConsultationType/Value": "@{items('Apply_to_each_item_created_or_updated_in_ConsultationsList')?['ConsultationType']?['Value']}",
														"item/Deadline": "@{items('Apply_to_each_item_created_or_updated_in_ConsultationsList')['Deadline']}",
														"item/Consulationmanager/Claims": "@{items('Apply_to_each_item_created_or_updated_in_ConsultationsList')?['Consulationmanager']?['Email']}",
														"item/LinkToECTool": "@{items('Apply_to_each_item_created_or_updated_in_ConsultationsList')?['LinkToECTool']}",
														"item/LinkToMaterial": "@{items('Apply_to_each_item_created_or_updated_in_ConsultationsList')?['LinkToMaterial']}",
														"item/ECGroups/Value": "@{items('Apply_to_each_item_created_or_updated_in_ConsultationsList')?['ECGroups']?['Value']}"
													},
													"host": {
														"apiId": "/providers/Microsoft.PowerApps/apis/shared_sharepointonline",
														"connectionName": "shared_sharepointonline",
														"operationId": "PostItem"
													},
													"authentication": "@parameters('$authentication')"
												}
											}
										}
									},
									"expression": {
										"and": [
											{
												"greater": [
													"@variables('ExistingItemsCount')",
													0
												]
											}
										]
									},
									"type": "If"
								}
							},
							"runAfter": {
								"Get_ShouldUpdateECConsultationsList": [
									"Succeeded"
								]
							},
							"else": {
								"actions": {
									"Get_existing_items_to_delete_in_ECConsultationsList": {
										"type": "OpenApiConnection",
										"inputs": {
											"parameters": {
												"dataset": "https://eea1.sharepoint.com/teams/-EXT-EuropeanCommission516",
												"table": "6d6daf1b-8c7d-49ac-bef6-07d68ea9db30",
												"$filter": "OriginalConsultationId eq @{variables('ConsultationId')}"
											},
											"host": {
												"apiId": "/providers/Microsoft.PowerApps/apis/shared_sharepointonline",
												"connectionName": "shared_sharepointonline",
												"operationId": "GetItems"
											},
											"authentication": "@parameters('$authentication')"
										}
									},
									"Get_count_of_existing_items_to_delete_in_ECConsultationsList": {
										"runAfter": {
											"Get_existing_items_to_delete_in_ECConsultationsList": [
												"Succeeded"
											]
										},
										"type": "SetVariable",
										"inputs": {
											"name": "ExistingItemsCount",
											"value": "@length(outputs('Get_existing_items_to_delete_in_ECConsultationsList')?['body/value'])"
										}
									},
									"Are_there_any_items_to_delete_in_ECConsultationsList": {
										"actions": {
											"For_each_item_to_delete_in_ECConsultationsList": {
												"foreach": "@outputs('Get_existing_items_to_delete_in_ECConsultationsList')?['body/value']",
												"actions": {
													"Delete_item_in_ECConsultationsList": {
														"type": "OpenApiConnection",
														"inputs": {
															"parameters": {
																"dataset": "https://eea1.sharepoint.com/teams/-EXT-EuropeanCommission516",
																"table": "6d6daf1b-8c7d-49ac-bef6-07d68ea9db30",
																"id": "@items('For_each_item_to_delete_in_ECConsultationsList')?['ID']"
															},
															"host": {
																"apiId": "/providers/Microsoft.PowerApps/apis/shared_sharepointonline",
																"connectionName": "shared_sharepointonline",
																"operationId": "DeleteItem"
															},
															"authentication": "@parameters('$authentication')"
														}
													}
												},
												"type": "Foreach"
											}
										},
										"runAfter": {
											"Get_count_of_existing_items_to_delete_in_ECConsultationsList": [
												"Succeeded"
											]
										},
										"else": {
											"actions": {
												"Debug_-_No_items_to_delete_in_ECConsultationsList": {
													"type": "Compose",
													"inputs": "There are no items to delete in ECConsultationsList."
												}
											}
										},
										"expression": {
											"and": [
												{
													"greater": [
														"@variables('ExistingItemsCount')",
														0
													]
												}
											]
										},
										"type": "If"
									}
								}
							},
							"expression": {
								"and": [
									{
										"equals": [
											"@variables('ShouldUpdateECConsultationsList')",
											true
										]
									}
								]
							},
							"type": "If"
						},
						"Get_item_ID": {
							"type": "SetVariable",
							"inputs": {
								"name": "ConsultationId",
								"value": "@items('Apply_to_each_item_created_or_updated_in_ConsultationsList')['ID']"
							}
						},
						"Get_ShouldUpdateECConsultationsList": {
							"runAfter": {
								"Get_isECConsulation": [
									"Succeeded"
								]
							},
							"type": "SetVariable",
							"inputs": {
								"name": "ShouldUpdateECConsultationsList",
								"value": "@contains(variables('isECConsultation'),'EC')"
							}
						}
					},
					"runAfter": {
						"Set_created_or_updated_items_array_variable": [
							"Succeeded"
						]
					},
					"type": "Foreach"
				},
				"Set_created_or_updated_items_array_variable": {
					"runAfter": {
						"Define_existing_items_count_in_ECConsultationsList_variable": [
							"Succeeded"
						]
					},
					"type": "InitializeVariable",
					"inputs": {
						"variables": [
							{
								"name": "CreatedUpdatedItems",
								"type": "array",
								"value": "@triggerOutputs()?['body/value']"
							}
						]
					}
				},
				"Define_existing_items_count_in_ECConsultationsList_variable": {
					"runAfter": {
						"Define_item_Id_variable": [
							"Succeeded"
						]
					},
					"type": "InitializeVariable",
					"inputs": {
						"variables": [
							{
								"name": "ExistingItemsCount",
								"type": "integer"
							}
						]
					}
				},
				"Define_item_Id_variable": {
					"runAfter": {
						"Define_ShouldUpdateECConsultationsList_variable": [
							"Succeeded"
						]
					},
					"type": "InitializeVariable",
					"inputs": {
						"variables": [
							{
								"name": "ConsultationId",
								"type": "integer"
							}
						]
					}
				},
				"Define_ShouldUpdateECConsultationsList_variable": {
					"runAfter": {
						"Define_isECConsultation_variable": [
							"Succeeded"
						]
					},
					"type": "InitializeVariable",
					"inputs": {
						"variables": [
							{
								"name": "ShouldUpdateECConsultationsList",
								"type": "boolean"
							}
						]
					}
				}
			},
			"outputs": {}
		},
		"connectionReferences": {
			"shared_sharepointonline": {
				"connectionName": "30701ad70fa345128eac9b8242c79131",
				"source": "Embedded",
				"id": "/providers/Microsoft.PowerApps/apis/shared_sharepointonline",
				"tier": "NotSpecified"
			}
		},
		"flowFailureAlertSubscribed": false,
		"isManaged": false
	}
}