{
    "name": "597d14ee-e111-418a-9a0d-56d27119a74e",
    "id": "/providers/Microsoft.Flow/flows/597d14ee-e111-418a-9a0d-56d27119a74e",
    "type": "Microsoft.Flow/flows",
    "properties": {
        "apiId": "/providers/Microsoft.PowerApps/apis/shared_logicflows",
        "displayName": "Populate EventsSummaryList with existing Events",
        "definition": {
            "metadata": {
                "workflowEntityId": null,
                "processAdvisorMetadata": null,
                "flowChargedByPaygo": null,
                "flowclientsuspensionreason": "None",
                "flowclientsuspensiontime": null,
                "flowclientsuspensionreasondetails": null,
                "creator": {
                    "id": "bc4e42a7-f5da-41df-b95b-ca5b538927c7",
                    "type": "User",
                    "tenantId": "3433ca34-11c7-462b-96a9-fd70adcc5bb0"
                },
                "provisioningMethod": "FromDefinition",
                "failureAlertSubscription": true,
                "clientLastModifiedTime": "2024-10-02T14:38:44.9385455Z",
                "connectionKeySavedTimeKey": "2024-10-02T14:38:44.9385455Z"
            },
            "$schema": "https://schema.management.azure.com/providers/Microsoft.Logic/schemas/2016-06-01/workflowdefinition.json#",
            "contentVersion": "undefined",
            "parameters": {
                "$authentication": {
                    "defaultValue": {
                    },
                    "type": "SecureObject"
                },
                "$connections": {
                    "defaultValue": {
                    },
                    "type": "Object"
                }
            },
            "triggers": {
                "manual": {
                    "type": "Request",
                    "kind": "Button",
                    "inputs": {
                        "schema": {
                            "type": "object",
                            "properties": {
                            },
                            "required": [
                            ]
                        }
                    }
                }
            },
            "actions": {
                "Get_all_items_in_EventsList": {
                    "runAfter": {
                        "Reset_inserted_items_counter_variable": [
                            "Succeeded"
                        ]
                    },
                    "type": "OpenApiConnection",
                    "inputs": {
                        "parameters": {
                            "dataset": "https://eea1.sharepoint.com/sites/-EXT-EionetConfiguration",
                            "table": "b914cc87-d3da-4e40-8827-03aecdefd3ad",
                            "$top": 9999
                        },
                        "host": {
                            "apiId": "/providers/Microsoft.PowerApps/apis/shared_sharepointonline",
                            "connectionName": "shared_sharepointonline",
                            "operationId": "GetItems"
                        },
                        "authentication": {
                            "value": "@json(decodeBase64(triggerOutputs().headers['X-MS-APIM-Tokens']))['$ConnectionKey']",
                            "type": "Raw"
                        }
                    }
                },
                "Define_EventsList_URL_variable": {
                    "runAfter": {
                        "Compose_items_deleted_count_message": [
                            "Succeeded"
                        ]
                    },
                    "type": "InitializeVariable",
                    "inputs": {
                        "variables": [
                            {
                                "name": "EventsListURL",
                                "type": "string",
                                "value": "https://eea1.sharepoint.com/sites/-EXT-EionetConfiguration/Lists/Meetings%20List/AllItems.aspx?"
                            }
                        ]
                    }
                },
                "Define_Event_item_Id_variable": {
                    "runAfter": {
                        "Define_EventsList_URL_variable": [
                            "Succeeded"
                        ]
                    },
                    "type": "InitializeVariable",
                    "inputs": {
                        "variables": [
                            {
                                "name": "EventId",
                                "type": "integer"
                            }
                        ]
                    }
                },
                "Define_Event_Title_variable": {
                    "runAfter": {
                        "Define_Event_item_Id_variable": [
                            "Succeeded"
                        ]
                    },
                    "type": "InitializeVariable",
                    "inputs": {
                        "variables": [
                            {
                                "name": "Title",
                                "type": "string"
                            }
                        ]
                    }
                },
                "Define_EventsList_Link_variable": {
                    "runAfter": {
                        "Define_Event_Title_variable": [
                            "Succeeded"
                        ]
                    },
                    "type": "InitializeVariable",
                    "inputs": {
                        "variables": [
                            {
                                "name": "Link",
                                "type": "string"
                            }
                        ]
                    }
                },
                "Define_Event_Start_date_variable": {
                    "runAfter": {
                        "Define_Event_End_date_variable": [
                            "Succeeded"
                        ]
                    },
                    "type": "InitializeVariable",
                    "inputs": {
                        "variables": [
                            {
                                "name": "StartDate",
                                "type": "string"
                            }
                        ]
                    }
                },
                "Define_Event_End_date_variable": {
                    "runAfter": {
                        "Define_EventsList_Link_variable": [
                            "Succeeded"
                        ]
                    },
                    "type": "InitializeVariable",
                    "inputs": {
                        "variables": [
                            {
                                "name": "EndDate",
                                "type": "string"
                            }
                        ]
                    }
                },
                "Define_Event_Category_variable": {
                    "runAfter": {
                        "Define_Event_Start_date_variable": [
                            "Succeeded"
                        ]
                    },
                    "type": "InitializeVariable",
                    "inputs": {
                        "variables": [
                            {
                                "name": "EventCategory",
                                "type": "string"
                            }
                        ]
                    }
                },
                "Define_Event_Type_variable": {
                    "runAfter": {
                        "Define_Event_Category_variable": [
                            "Succeeded"
                        ]
                    },
                    "type": "InitializeVariable",
                    "inputs": {
                        "variables": [
                            {
                                "name": "EventType",
                                "type": "string"
                            }
                        ]
                    }
                },
                "Define_Event_Groups_array_variable": {
                    "runAfter": {
                        "Define_Event_Type_variable": [
                            "Succeeded"
                        ]
                    },
                    "type": "InitializeVariable",
                    "inputs": {
                        "variables": [
                            {
                                "name": "GroupsArray",
                                "type": "array"
                            }
                        ]
                    }
                },
                "For_each_item_in_EventsList": {
                    "foreach": "@outputs('Get_all_items_in_EventsList')?['body/value']",
                    "actions": {
                        "Get_EventsList_Link": {
                            "runAfter": {
                                "Get_Event_Title": [
                                    "Succeeded"
                                ]
                            },
                            "type": "SetVariable",
                            "inputs": {
                                "name": "Link",
                                "value": "@concat(variables('EventsListURL'), 'FilterField1=ID&FilterValue1=', variables('EventID'), '&FilterType1=Counter')"
                            }
                        },
                        "Get_Event_Start_date": {
                            "runAfter": {
                                "Get_EventsList_Link": [
                                    "Succeeded"
                                ]
                            },
                            "type": "SetVariable",
                            "inputs": {
                                "name": "StartDate",
                                "value": "@items('For_each_item_in_EventsList')['Meetingstart']"
                            }
                        },
                        "Get_Event_End_date": {
                            "runAfter": {
                                "Get_Event_Start_date": [
                                    "Succeeded"
                                ]
                            },
                            "type": "SetVariable",
                            "inputs": {
                                "name": "EndDate",
                                "value": "@items('For_each_item_in_EventsList')['Meetingend']"
                            }
                        },
                        "Get_Event_Category": {
                            "runAfter": {
                                "Get_Event_End_date": [
                                    "Succeeded"
                                ]
                            },
                            "type": "SetVariable",
                            "inputs": {
                                "name": "EventCategory",
                                "value": "@items('For_each_item_in_EventsList')['EventCategory']['Value']"
                            }
                        },
                        "Get_Event_Type": {
                            "runAfter": {
                                "Get_Event_Category": [
                                    "Succeeded"
                                ]
                            },
                            "type": "SetVariable",
                            "inputs": {
                                "name": "EventType",
                                "value": "@items('For_each_item_in_EventsList')['MeetingType']['Value']"
                            }
                        },
                        "Get_Event_Groups_list": {
                            "runAfter": {
                                "Get_Event_Type": [
                                    "Succeeded"
                                ]
                            },
                            "type": "Select",
                            "inputs": {
                                "from": "@items('For_each_item_in_EventsList')['Group']",
                                "select": {
                                    "Value": "@item()?['Value']"
                                }
                            }
                        },
                        "Set_Event_Groups_array": {
                            "runAfter": {
                                "Get_Event_Groups_list": [
                                    "Succeeded"
                                ]
                            },
                            "type": "SetVariable",
                            "inputs": {
                                "name": "GroupsArray",
                                "value": "@body('Get_Event_Groups_list')"
                            }
                        },
                        "Create_item_in_EventsSummaryList_list": {
                            "runAfter": {
                                "Set_Event_Groups_array": [
                                    "Succeeded"
                                ]
                            },
                            "type": "OpenApiConnection",
                            "inputs": {
                                "parameters": {
                                    "dataset": "https://eea1.sharepoint.com/sites/-EXT-EionetConfiguration",
                                    "table": "2fabd632-3672-469b-990a-7dcc56460ec6",
                                    "item/Title": "@variables('Title')",
                                    "item/StartDate": "@variables('StartDate')",
                                    "item/EndDate": "@variables('EndDate')",
                                    "item/LinkToEvent": "@variables('Link')",
                                    "item/EventCategory/Value": "@variables('EventCategory')",
                                    "item/EventType/Value": "@variables('EventType')",
                                    "item/Groups": "@variables('GroupsArray')",
                                    "item/OriginalId": "@variables('EventId')",
                                    "item/SourceList/Value": "EventsList"
                                },
                                "host": {
                                    "apiId": "/providers/Microsoft.PowerApps/apis/shared_sharepointonline",
                                    "connectionName": "shared_sharepointonline",
                                    "operationId": "PostItem"
                                },
                                "authentication": {
                                    "value": "@json(decodeBase64(triggerOutputs().headers['X-MS-APIM-Tokens']))['$ConnectionKey']",
                                    "type": "Raw"
                                }
                            }
                        },
                        "Get_Event_Title": {
                            "runAfter": {
                                "Get_Event_item_ID": [
                                    "Succeeded"
                                ]
                            },
                            "type": "SetVariable",
                            "inputs": {
                                "name": "Title",
                                "value": "@items('For_each_item_in_EventsList')['Title']"
                            }
                        },
                        "Get_Event_item_ID": {
                            "type": "SetVariable",
                            "inputs": {
                                "name": "EventId",
                                "value": "@items('For_each_item_in_EventsList')['ID']"
                            }
                        },
                        "Increment_inserted_items_counter": {
                            "runAfter": {
                                "Create_item_in_EventsSummaryList_list": [
                                    "Succeeded"
                                ]
                            },
                            "type": "IncrementVariable",
                            "inputs": {
                                "name": "Counter",
                                "value": 1
                            }
                        }
                    },
                    "runAfter": {
                        "Get_all_items_in_EventsList": [
                            "Succeeded"
                        ]
                    },
                    "type": "Foreach"
                },
                "Compose_items_inserted_count_message": {
                    "runAfter": {
                        "For_each_item_in_EventsList": [
                            "Succeeded"
                        ]
                    },
                    "type": "Compose",
                    "inputs": "@concat(variables('Counter'), ' Events were inserted in the EventsSummaryList list.')"
                },
                "Get_all_Events_in_EventsSummaryList_list": {
                    "runAfter": {
                        "Define_counter_variable": [
                            "Succeeded"
                        ]
                    },
                    "type": "OpenApiConnection",
                    "inputs": {
                        "parameters": {
                            "dataset": "https://eea1.sharepoint.com/sites/-EXT-EionetConfiguration",
                            "table": "2fabd632-3672-469b-990a-7dcc56460ec6",
                            "$filter": "SourceList eq 'EventsList'"
                        },
                        "host": {
                            "apiId": "/providers/Microsoft.PowerApps/apis/shared_sharepointonline",
                            "connectionName": "shared_sharepointonline",
                            "operationId": "GetItems"
                        },
                        "authentication": {
                            "value": "@json(decodeBase64(triggerOutputs().headers['X-MS-APIM-Tokens']))['$ConnectionKey']",
                            "type": "Raw"
                        }
                    }
                },
                "For_each_Event_item_in_EventsSummaryList_list": {
                    "foreach": "@outputs('Get_all_Events_in_EventsSummaryList_list')?['body/value']",
                    "actions": {
                        "Delete_item_from_EventsSummaryList": {
                            "type": "OpenApiConnection",
                            "inputs": {
                                "parameters": {
                                    "dataset": "https://eea1.sharepoint.com/sites/-EXT-EionetConfiguration",
                                    "table": "2fabd632-3672-469b-990a-7dcc56460ec6",
                                    "id": "@items('For_each_Event_item_in_EventsSummaryList_list')['ID']"
                                },
                                "host": {
                                    "apiId": "/providers/Microsoft.PowerApps/apis/shared_sharepointonline",
                                    "connectionName": "shared_sharepointonline",
                                    "operationId": "DeleteItem"
                                },
                                "authentication": {
                                    "value": "@json(decodeBase64(triggerOutputs().headers['X-MS-APIM-Tokens']))['$ConnectionKey']",
                                    "type": "Raw"
                                }
                            }
                        },
                        "Increment_deleted_items_counter": {
                            "runAfter": {
                                "Delete_item_from_EventsSummaryList": [
                                    "Succeeded"
                                ]
                            },
                            "type": "IncrementVariable",
                            "inputs": {
                                "name": "Counter",
                                "value": 1
                            }
                        }
                    },
                    "runAfter": {
                        "Get_all_Events_in_EventsSummaryList_list": [
                            "Succeeded"
                        ]
                    },
                    "type": "Foreach"
                },
                "Define_counter_variable": {
                    "runAfter": {
                    },
                    "type": "InitializeVariable",
                    "inputs": {
                        "variables": [
                            {
                                "name": "Counter",
                                "type": "integer",
                                "value": 0
                            }
                        ]
                    }
                },
                "Compose_items_deleted_count_message": {
                    "runAfter": {
                        "For_each_Event_item_in_EventsSummaryList_list": [
                            "Succeeded"
                        ]
                    },
                    "type": "Compose",
                    "inputs": "@concat(variables('Counter'), ' Events were deleted from the EventsSummaryList list.')"
                },
                "Reset_inserted_items_counter_variable": {
                    "runAfter": {
                        "Define_Event_Groups_array_variable": [
                            "Succeeded"
                        ]
                    },
                    "type": "SetVariable",
                    "inputs": {
                        "name": "Counter",
                        "value": 0
                    }
                }
            }
        },
        "connectionReferences": {
            "shared_sharepointonline": {
                "connectionName": "30701ad70fa345128eac9b8242c79131",
                "source": "Invoker",
                "id": "/providers/Microsoft.PowerApps/apis/shared_sharepointonline",
                "tier": "NotSpecified"
            }
        },
        "flowFailureAlertSubscribed": false,
        "isManaged": false
    }
}