{
    "name": "205b11d6-27af-4de1-9e29-8bbc5206338b",
    "id": "/providers/Microsoft.Flow/flows/205b11d6-27af-4de1-9e29-8bbc5206338b",
    "type": "Microsoft.Flow/flows",
    "properties": {
        "apiId": "/providers/Microsoft.PowerApps/apis/shared_logicflows",
        "displayName": "Update EventsSummary on EventsList CreateUpdate event",
        "definition": {
            "metadata": {
                "workflowEntityId": null,
                "processAdvisorMetadata": null,
                "flowChargedByPaygo": null,
                "flowclientsuspensionreason": "None",
                "flowclientsuspensiontime": null,
                "flowclientsuspensionreasondetails": null,
                "creator": {
                    "id": "bc4e42a7-f5da-41df-b95b-ca5b538927c7",
                    "type": "User",
                    "tenantId": "3433ca34-11c7-462b-96a9-fd70adcc5bb0"
                },
                "provisioningMethod": "FromDefinition",
                "failureAlertSubscription": true,
                "clientLastModifiedTime": "2024-10-02T06:57:49.7909004Z",
                "connectionKeySavedTimeKey": "2024-10-02T06:57:49.7909004Z"
            },
            "$schema": "https://schema.management.azure.com/providers/Microsoft.Logic/schemas/2016-06-01/workflowdefinition.json#",
            "contentVersion": "1.0.0.0",
            "parameters": {
                "$authentication": {
                    "defaultValue": {
                    },
                    "type": "SecureObject"
                },
                "$connections": {
                    "defaultValue": {
                    },
                    "type": "Object"
                }
            },
            "triggers": {
                "When_an_item_is_created_or_modified_in_EventsList": {
                    "recurrence": {
                        "frequency": "Minute",
                        "interval": 5
                    },
                    "type": "OpenApiConnection",
                    "inputs": {
                        "parameters": {
                            "dataset": "https://eea1.sharepoint.com/sites/-EXT-EionetConfiguration",
                            "table": "b914cc87-d3da-4e40-8827-03aecdefd3ad"
                        },
                        "host": {
                            "apiId": "/providers/Microsoft.PowerApps/apis/shared_sharepointonline",
                            "connectionName": "shared_sharepointonline",
                            "operationId": "GetOnUpdatedItems"
                        },
                        "authentication": "@parameters('$authentication')"
                    }
                }
            },
            "actions": {
                "Apply_to_each_item_created_or_updated_in_EventsList": {
                    "foreach": "@variables('CreatedUpdatedItems')",
                    "actions": {
                        "Get_Event_item_ID": {
                            "type": "SetVariable",
                            "inputs": {
                                "name": "EventId",
                                "value": "@items('Apply_to_each_item_created_or_updated_in_EventsList')['ID']"
                            }
                        },
                        "Get_existing_items_to_update_in_EventsSummary_list": {
                            "runAfter": {
                                "Set_Event_Groups_array": [
                                    "Succeeded"
                                ]
                            },
                            "type": "OpenApiConnection",
                            "inputs": {
                                "parameters": {
                                    "dataset": "https://eea1.sharepoint.com/sites/-EXT-EionetConfiguration",
                                    "table": "2fabd632-3672-469b-990a-7dcc56460ec6",
                                    "$filter": "OriginalId eq @{variables('EventId')} and SourceList eq 'EventsList'"
                                },
                                "host": {
                                    "apiId": "/providers/Microsoft.PowerApps/apis/shared_sharepointonline",
                                    "connectionName": "shared_sharepointonline",
                                    "operationId": "GetItems"
                                },
                                "authentication": "@parameters('$authentication')"
                            }
                        },
                        "Get_count_of_existing_items_to_update_in_EventsSummary_list": {
                            "runAfter": {
                                "Get_existing_items_to_update_in_EventsSummary_list": [
                                    "Succeeded"
                                ]
                            },
                            "type": "SetVariable",
                            "inputs": {
                                "name": "ExistingItemsCount",
                                "value": "@length(outputs('Get_existing_items_to_update_in_EventsSummary_list')?['body/value'])"
                            }
                        },
                        "Are_there_any_items_to_update_in_the_EventsSummary_list": {
                            "actions": {
                                "For_each_item_to_update_in_the_EventsSummary_list": {
                                    "foreach": "@outputs('Get_existing_items_to_update_in_EventsSummary_list')?['body/value']",
                                    "actions": {
                                        "Update_item_in_EventsSummary_list": {
                                            "type": "OpenApiConnection",
                                            "inputs": {
                                                "parameters": {
                                                    "dataset": "https://eea1.sharepoint.com/sites/-EXT-EionetConfiguration",
                                                    "table": "2fabd632-3672-469b-990a-7dcc56460ec6",
                                                    "id": "@items('For_each_item_to_update_in_the_EventsSummary_list')?['ID']",
                                                    "item/Title": "@variables('Title')",
                                                    "item/StartDate": "@variables('StartDate')",
                                                    "item/EndDate": "@variables('EndDate')",
                                                    "item/LinkToEvent": "@variables('Link')",
                                                    "item/EventCategory/Value": "@variables('EventCategory')",
                                                    "item/EventType/Value": "@variables('EventType')",
                                                    "item/Groups": "@variables('GroupsArray')"
                                                },
                                                "host": {
                                                    "apiId": "/providers/Microsoft.PowerApps/apis/shared_sharepointonline",
                                                    "connectionName": "shared_sharepointonline",
                                                    "operationId": "PatchItem"
                                                },
                                                "authentication": "@parameters('$authentication')"
                                            }
                                        }
                                    },
                                    "type": "Foreach"
                                }
                            },
                            "runAfter": {
                                "Get_count_of_existing_items_to_update_in_EventsSummary_list": [
                                    "Succeeded"
                                ]
                            },
                            "else": {
                                "actions": {
                                    "Create_item_in_EventsSummary_list": {
                                        "type": "OpenApiConnection",
                                        "inputs": {
                                            "parameters": {
                                                "dataset": "https://eea1.sharepoint.com/sites/-EXT-EionetConfiguration",
                                                "table": "2fabd632-3672-469b-990a-7dcc56460ec6",
                                                "item/Title": "@variables('Title')",
                                                "item/StartDate": "@variables('StartDate')",
                                                "item/EndDate": "@variables('EndDate')",
                                                "item/LinkToEvent": "@variables('Link')",
                                                "item/EventCategory/Value": "@variables('EventCategory')",
                                                "item/EventType/Value": "@variables('EventType')",
                                                "item/Groups": "@variables('GroupsArray')",
                                                "item/OriginalId": "@variables('EventId')",
                                                "item/SourceList/Value": "EventsList"
                                            },
                                            "host": {
                                                "apiId": "/providers/Microsoft.PowerApps/apis/shared_sharepointonline",
                                                "connectionName": "shared_sharepointonline",
                                                "operationId": "PostItem"
                                            },
                                            "authentication": "@parameters('$authentication')"
                                        }
                                    }
                                }
                            },
                            "expression": {
                                "and": [
                                    {
                                        "greater": [
                                            "@variables('ExistingItemsCount')",
                                            0
                                        ]
                                    }
                                ]
                            },
                            "type": "If"
                        },
                        "Get_Event_Start_date": {
                            "runAfter": {
                                "Get_EventsList_Link": [
                                    "Succeeded"
                                ]
                            },
                            "type": "SetVariable",
                            "inputs": {
                                "name": "StartDate",
                                "value": "@items('Apply_to_each_item_created_or_updated_in_EventsList')['Meetingstart']"
                            }
                        },
                        "Get_Event_End_date": {
                            "runAfter": {
                                "Get_Event_Start_date": [
                                    "Succeeded"
                                ]
                            },
                            "type": "SetVariable",
                            "inputs": {
                                "name": "EndDate",
                                "value": "@items('Apply_to_each_item_created_or_updated_in_EventsList')['Meetingend']"
                            }
                        },
                        "Get_Event_Groups_list": {
                            "runAfter": {
                                "Get_Event_Type": [
                                    "Succeeded"
                                ]
                            },
                            "type": "Select",
                            "inputs": {
                                "from": "@items('Apply_to_each_item_created_or_updated_in_EventsList')['Group']",
                                "select": {
                                    "Value": "@item()?['Value']"
                                }
                            }
                        },
                        "Set_Event_Groups_array": {
                            "runAfter": {
                                "Get_Event_Groups_list": [
                                    "Succeeded"
                                ]
                            },
                            "type": "SetVariable",
                            "inputs": {
                                "name": "GroupsArray",
                                "value": "@body('Get_Event_Groups_list')"
                            }
                        },
                        "Get_Event_Category": {
                            "runAfter": {
                                "Get_Event_End_date": [
                                    "Succeeded"
                                ]
                            },
                            "type": "SetVariable",
                            "inputs": {
                                "name": "EventCategory",
                                "value": "@items('Apply_to_each_item_created_or_updated_in_EventsList')['EventCategory']['Value']"
                            }
                        },
                        "Get_Event_Type": {
                            "runAfter": {
                                "Get_Event_Category": [
                                    "Succeeded"
                                ]
                            },
                            "type": "SetVariable",
                            "inputs": {
                                "name": "EventType",
                                "value": "@items('Apply_to_each_item_created_or_updated_in_EventsList')['MeetingType']['Value']"
                            }
                        },
                        "Get_Event_Title": {
                            "runAfter": {
                                "Get_Event_item_ID": [
                                    "Succeeded"
                                ]
                            },
                            "type": "SetVariable",
                            "inputs": {
                                "name": "Title",
                                "value": "@items('Apply_to_each_item_created_or_updated_in_EventsList')['Title']"
                            }
                        },
                        "Get_EventsList_Link": {
                            "runAfter": {
                                "Get_Event_Title": [
                                    "Succeeded"
                                ]
                            },
                            "type": "SetVariable",
                            "inputs": {
                                "name": "Link",
                                "value": "@concat(variables('EventsListURL'), 'FilterField1=ID&FilterValue1=', variables('EventID'), '&FilterType1=Counter')"
                            }
                        }
                    },
                    "runAfter": {
                        "Set_created_or_updated_Events_items_array_variable": [
                            "Succeeded"
                        ]
                    },
                    "type": "Foreach"
                },
                "Set_created_or_updated_Events_items_array_variable": {
                    "runAfter": {
                        "Define_existing_items_in_EventsSummary_count_variable": [
                            "Succeeded"
                        ]
                    },
                    "type": "InitializeVariable",
                    "inputs": {
                        "variables": [
                            {
                                "name": "CreatedUpdatedItems",
                                "type": "array",
                                "value": "@triggerOutputs()?['body/value']"
                            }
                        ]
                    }
                },
                "Define_existing_items_in_EventsSummary_count_variable": {
                    "runAfter": {
                        "Define_Event_Groups_array_variable": [
                            "Succeeded"
                        ]
                    },
                    "type": "InitializeVariable",
                    "inputs": {
                        "variables": [
                            {
                                "name": "ExistingItemsCount",
                                "type": "integer"
                            }
                        ]
                    }
                },
                "Define_Event_item_Id_variable": {
                    "runAfter": {
                        "Define_EventsList_URL_variable": [
                            "Succeeded"
                        ]
                    },
                    "type": "InitializeVariable",
                    "inputs": {
                        "variables": [
                            {
                                "name": "EventId",
                                "type": "integer"
                            }
                        ]
                    }
                },
                "Define_Event_End_date_variable": {
                    "runAfter": {
                        "Define_Event_Start_date_variable": [
                            "Succeeded"
                        ]
                    },
                    "type": "InitializeVariable",
                    "inputs": {
                        "variables": [
                            {
                                "name": "EndDate",
                                "type": "string"
                            }
                        ]
                    }
                },
                "Define_Event_Start_date_variable": {
                    "runAfter": {
                        "Define_EventsList_Link_variable": [
                            "Succeeded"
                        ]
                    },
                    "type": "InitializeVariable",
                    "inputs": {
                        "variables": [
                            {
                                "name": "StartDate",
                                "type": "string"
                            }
                        ]
                    }
                },
                "Define_Event_Groups_array_variable": {
                    "runAfter": {
                        "Define_Event_Type_variable": [
                            "Succeeded"
                        ]
                    },
                    "type": "InitializeVariable",
                    "inputs": {
                        "variables": [
                            {
                                "name": "GroupsArray",
                                "type": "array"
                            }
                        ]
                    }
                },
                "Define_Event_Category_variable": {
                    "runAfter": {
                        "Define_Event_End_date_variable": [
                            "Succeeded"
                        ]
                    },
                    "type": "InitializeVariable",
                    "inputs": {
                        "variables": [
                            {
                                "name": "EventCategory",
                                "type": "string"
                            }
                        ]
                    }
                },
                "Define_Event_Type_variable": {
                    "runAfter": {
                        "Define_Event_Category_variable": [
                            "Succeeded"
                        ]
                    },
                    "type": "InitializeVariable",
                    "inputs": {
                        "variables": [
                            {
                                "name": "EventType",
                                "type": "string"
                            }
                        ]
                    }
                },
                "Define_Event_Title_variable": {
                    "runAfter": {
                        "Define_Event_item_Id_variable": [
                            "Succeeded"
                        ]
                    },
                    "type": "InitializeVariable",
                    "inputs": {
                        "variables": [
                            {
                                "name": "Title",
                                "type": "string"
                            }
                        ]
                    }
                },
                "Define_EventsList_Link_variable": {
                    "runAfter": {
                        "Define_Event_Title_variable": [
                            "Succeeded"
                        ]
                    },
                    "type": "InitializeVariable",
                    "inputs": {
                        "variables": [
                            {
                                "name": "Link",
                                "type": "string"
                            }
                        ]
                    }
                },
                "Define_EventsList_URL_variable": {
                    "runAfter": {
                    },
                    "type": "InitializeVariable",
                    "inputs": {
                        "variables": [
                            {
                                "name": "EventsListURL",
                                "type": "string",
                                "value": "https://eea1.sharepoint.com/sites/-EXT-EionetConfiguration/Lists/Meetings%20List/AllItems.aspx?"
                            }
                        ]
                    }
                }
            },
            "outputs": {
            }
        },
        "connectionReferences": {
            "shared_sharepointonline": {
                "connectionName": "30701ad70fa345128eac9b8242c79131",
                "source": "Embedded",
                "id": "/providers/Microsoft.PowerApps/apis/shared_sharepointonline",
                "tier": "NotSpecified"
            }
        },
        "flowFailureAlertSubscribed": false,
        "isManaged": false
    }
}