{
	"name": "87637307-1271-44a0-942d-3ad8339844a4",
	"id": "/providers/Microsoft.Flow/flows/87637307-1271-44a0-942d-3ad8339844a4",
	"type": "Microsoft.Flow/flows",
	"properties": {
		"apiId": "/providers/Microsoft.PowerApps/apis/shared_logicflows",
		"displayName": "Update ECPublicationsList on PublicationsList CreateUpdate event",
		"definition": {
			"metadata": {
				"workflowEntityId": null,
				"processAdvisorMetadata": null,
				"flowChargedByPaygo": null,
				"flowclientsuspensionreason": "None",
				"flowclientsuspensiontime": null,
				"flowclientsuspensionreasondetails": null,
				"creator": {
					"id": "1f916871-97aa-4a59-83aa-441a6fcb7fd6",
					"type": "User",
					"tenantId": "052a7b8c-a7e9-4027-ac09-337aa0a913c2"
				},
				"provisioningMethod": "FromDefinition",
				"failureAlertSubscription": true,
				"clientLastModifiedTime": "2024-05-15T14:33:06.2002127Z",
				"connectionKeySavedTimeKey": "2024-05-15T14:33:06.2002127Z"
			},
			"$schema": "https://schema.management.azure.com/providers/Microsoft.Logic/schemas/2016-06-01/workflowdefinition.json#",
			"contentVersion": "1.0.0.0",
			"parameters": {
				"$authentication": {
					"defaultValue": {},
					"type": "SecureObject"
				},
				"$connections": {
					"defaultValue": {},
					"type": "Object"
				}
			},
			"triggers": {
				"When_an_item_is_created_or_modified_in_the_PublicationsList": {
					"recurrence": {
						"frequency": "Minute",
						"interval": 5
					},
					"type": "OpenApiConnection",
					"inputs": {
						"parameters": {
							"dataset": "https://eea1.sharepoint.com/teams/EEACOM",
							"table": "8ca2b3a1-02c6-4499-9beb-10d151e624b2"
						},
						"host": {
							"apiId": "/providers/Microsoft.PowerApps/apis/shared_sharepointonline",
							"connectionName": "shared_sharepointonline",
							"operationId": "GetOnUpdatedItems"
						},
						"authentication": "@parameters('$authentication')"
					}
				}
			},
			"actions": {
				"For_each_item_created_or_updated_in_PublicationsList": {
					"foreach": "@variables('CreatedUpdatedItems')",
					"actions": {
						"Is_an_ECPublication": {
							"actions": {
								"Get_existing_items_to_update_in_ECPublicationsList": {
									"type": "OpenApiConnection",
									"inputs": {
										"parameters": {
											"dataset": "https://eea1.sharepoint.com/teams/-EXT-EuropeanCommission516",
											"table": "dcf8c7c2-6047-4938-8ac4-376ed6fd3d84",
											"$filter": "OriginalPublicationId eq @{variables('PublicationId')}"
										},
										"host": {
											"apiId": "/providers/Microsoft.PowerApps/apis/shared_sharepointonline",
											"connectionName": "shared_sharepointonline",
											"operationId": "GetItems"
										},
										"authentication": "@parameters('$authentication')"
									}
								},
								"Get_count_of_existing_items_to_update_in_ECPublicationsList": {
									"runAfter": {
										"Get_existing_items_to_update_in_ECPublicationsList": [
											"Succeeded"
										]
									},
									"type": "SetVariable",
									"inputs": {
										"name": "ExistingItemsCount",
										"value": "@length(outputs('Get_existing_items_to_update_in_ECPublicationsList')?['body/value'])"
									}
								},
								"Are_there_any_items_to_update_in_ECPublicationsList": {
									"actions": {
										"For_each_item_to_update_in_ECConsultationsList": {
											"foreach": "@outputs('Get_existing_items_to_update_in_ECPublicationsList')?['body/value']",
											"actions": {
												"Is_Publication_date_null_in_Update_flow": {
													"actions": {
														"Is_Publication_link_null_[A]_(to_handle_the_New_Designer_null_URI_bug)": {
															"actions": {
																"Update_item_in_ECPublicationsList_with_null_Publication_date_and_link": {
																	"type": "OpenApiConnection",
																	"inputs": {
																		"parameters": {
																			"dataset": "https://eea1.sharepoint.com/teams/-EXT-EuropeanCommission516",
																			"table": "dcf8c7c2-6047-4938-8ac4-376ed6fd3d84",
																			"id": "@items('For_each_item_to_update_in_ECConsultationsList')?['ID']",
																			"item/Title": "@{items('For_each_item_created_or_updated_in_PublicationsList')?['Title']}",
																			"item/OriginalPublicationId": "@items('For_each_item_created_or_updated_in_PublicationsList')['ID']",
																			"item/Status/Value": "@{items('For_each_item_created_or_updated_in_PublicationsList')?['Status']?['Value']}",
																			"item/Item_x0020_type/Value": "@{items('For_each_item_created_or_updated_in_PublicationsList')?['Item_x0020_type']?['Value']}",
																			"item/Topics": "@variables('TopicsArray')",
																			"item/About_x002f_Teaser": "@{items('For_each_item_created_or_updated_in_PublicationsList')?['About_x002f_Teaser']}",
																			"item/Extra_x0020_comms_x0020_products": "@variables('CommunicationProductsArray')",
																			"item/Embargomail0": "@{items('For_each_item_created_or_updated_in_PublicationsList')?['Embargomail0']}"
																		},
																		"host": {
																			"apiId": "/providers/Microsoft.PowerApps/apis/shared_sharepointonline",
																			"connectionName": "shared_sharepointonline",
																			"operationId": "PatchItem"
																		},
																		"authentication": "@parameters('$authentication')"
																	}
																}
															},
															"else": {
																"actions": {
																	"Update_item_in_ECPublicationsList_with_null_Publication_date": {
																		"type": "OpenApiConnection",
																		"inputs": {
																			"parameters": {
																				"dataset": "https://eea1.sharepoint.com/teams/-EXT-EuropeanCommission516",
																				"table": "dcf8c7c2-6047-4938-8ac4-376ed6fd3d84",
																				"id": "@items('For_each_item_to_update_in_ECConsultationsList')?['ID']",
																				"item/Title": "@{items('For_each_item_created_or_updated_in_PublicationsList')?['Title']}",
																				"item/OriginalPublicationId": "@items('For_each_item_created_or_updated_in_PublicationsList')['ID']",
																				"item/Status/Value": "@{items('For_each_item_created_or_updated_in_PublicationsList')?['Status']?['Value']}",
																				"item/Item_x0020_type/Value": "@{items('For_each_item_created_or_updated_in_PublicationsList')?['Item_x0020_type']?['Value']}",
																				"item/Topics": "@variables('TopicsArray')",
																				"item/About_x002f_Teaser": "@{items('For_each_item_created_or_updated_in_PublicationsList')?['About_x002f_Teaser']}",
																				"item/Extra_x0020_comms_x0020_products": "@variables('CommunicationProductsArray')",
																				"item/Link": "@{items('For_each_item_created_or_updated_in_PublicationsList')?['Link']}",
																				"item/Embargomail0": "@{items('For_each_item_created_or_updated_in_PublicationsList')?['Embargomail0']}"
																			},
																			"host": {
																				"apiId": "/providers/Microsoft.PowerApps/apis/shared_sharepointonline",
																				"connectionName": "shared_sharepointonline",
																				"operationId": "PatchItem"
																			},
																			"authentication": "@parameters('$authentication')"
																		}
																	}
																}
															},
															"expression": {
																"and": [
																	{
																		"equals": [
																			"@length(variables('PublicationLink'))",
																			0
																		]
																	}
																]
															},
															"type": "If"
														}
													},
													"else": {
														"actions": {
															"Is_Publication_link_null_[B]_(to_handle_the_New_Designer_null_URI_bug)": {
																"actions": {
																	"Update_item_in_ECPublicationsList_with_null_Publication_link": {
																		"type": "OpenApiConnection",
																		"inputs": {
																			"parameters": {
																				"dataset": "https://eea1.sharepoint.com/teams/-EXT-EuropeanCommission516",
																				"table": "dcf8c7c2-6047-4938-8ac4-376ed6fd3d84",
																				"id": "@items('For_each_item_to_update_in_ECConsultationsList')?['ID']",
																				"item/Title": "@{items('For_each_item_created_or_updated_in_PublicationsList')?['Title']}",
																				"item/OriginalPublicationId": "@items('For_each_item_created_or_updated_in_PublicationsList')['ID']",
																				"item/Date_x0028_outpublic_x0029_": "@{items('For_each_item_created_or_updated_in_PublicationsList')?['Date_x0028_outpublic_x0029_']}",
																				"item/Status/Value": "@{items('For_each_item_created_or_updated_in_PublicationsList')?['Status']?['Value']}",
																				"item/Item_x0020_type/Value": "@{items('For_each_item_created_or_updated_in_PublicationsList')?['Item_x0020_type']?['Value']}",
																				"item/Topics": "@variables('TopicsArray')",
																				"item/About_x002f_Teaser": "@{items('For_each_item_created_or_updated_in_PublicationsList')?['About_x002f_Teaser']}",
																				"item/Extra_x0020_comms_x0020_products": "@variables('CommunicationProductsArray')",
																				"item/Embargomail0": "@{items('For_each_item_created_or_updated_in_PublicationsList')?['Embargomail0']}"
																			},
																			"host": {
																				"apiId": "/providers/Microsoft.PowerApps/apis/shared_sharepointonline",
																				"connectionName": "shared_sharepointonline",
																				"operationId": "PatchItem"
																			},
																			"authentication": "@parameters('$authentication')"
																		}
																	}
																},
																"else": {
																	"actions": {
																		"Update_item_in_ECPublicationsList": {
																			"type": "OpenApiConnection",
																			"inputs": {
																				"parameters": {
																					"dataset": "https://eea1.sharepoint.com/teams/-EXT-EuropeanCommission516",
																					"table": "dcf8c7c2-6047-4938-8ac4-376ed6fd3d84",
																					"id": "@items('For_each_item_to_update_in_ECConsultationsList')?['ID']",
																					"item/Title": "@{items('For_each_item_created_or_updated_in_PublicationsList')?['Title']}",
																					"item/OriginalPublicationId": "@items('For_each_item_created_or_updated_in_PublicationsList')['ID']",
																					"item/Date_x0028_outpublic_x0029_": "@{items('For_each_item_created_or_updated_in_PublicationsList')?['Date_x0028_outpublic_x0029_']}",
																					"item/Status/Value": "@{items('For_each_item_created_or_updated_in_PublicationsList')?['Status']?['Value']}",
																					"item/Item_x0020_type/Value": "@{items('For_each_item_created_or_updated_in_PublicationsList')?['Item_x0020_type']?['Value']}",
																					"item/Topics": "@variables('TopicsArray')",
																					"item/About_x002f_Teaser": "@{items('For_each_item_created_or_updated_in_PublicationsList')?['About_x002f_Teaser']}",
																					"item/Extra_x0020_comms_x0020_products": "@variables('CommunicationProductsArray')",
																					"item/Link": "@{items('For_each_item_created_or_updated_in_PublicationsList')?['Link']}",
																					"item/Embargomail0": "@{items('For_each_item_created_or_updated_in_PublicationsList')?['Embargomail0']}"
																				},
																				"host": {
																					"apiId": "/providers/Microsoft.PowerApps/apis/shared_sharepointonline",
																					"connectionName": "shared_sharepointonline",
																					"operationId": "PatchItem"
																				},
																				"authentication": "@parameters('$authentication')"
																			}
																		}
																	}
																},
																"expression": {
																	"and": [
																		{
																			"equals": [
																				"@length(variables('PublicationLink'))",
																				0
																			]
																		}
																	]
																},
																"type": "If"
															}
														}
													},
													"expression": {
														"and": [
															{
																"equals": [
																	"@length(variables('PublicationDate'))",
																	0
																]
															}
														]
													},
													"type": "If"
												}
											},
											"type": "Foreach"
										}
									},
									"runAfter": {
										"Get_count_of_existing_items_to_update_in_ECPublicationsList": [
											"Succeeded"
										]
									},
									"else": {
										"actions": {
											"Is_Publication_date_null_in_Create_flow_(handle_the_New_Designer_date_null_bug)": {
												"actions": {
													"Is_Publication_link_null_[C]_(to_handle_the_New_Designer_null_URI_bug)": {
														"actions": {
															"Create_item_in_ECPublicationsList_with_null_Publication_date_and_link": {
																"type": "OpenApiConnection",
																"inputs": {
																	"parameters": {
																		"dataset": "https://eea1.sharepoint.com/teams/-EXT-EuropeanCommission516",
																		"table": "dcf8c7c2-6047-4938-8ac4-376ed6fd3d84",
																		"item/Title": "@{items('For_each_item_created_or_updated_in_PublicationsList')['Title']}",
																		"item/OriginalPublicationId": "@items('For_each_item_created_or_updated_in_PublicationsList')['ID']",
																		"item/Status/Value": "@{items('For_each_item_created_or_updated_in_PublicationsList')?['Status']?['Value']}",
																		"item/Item_x0020_type/Value": "@{items('For_each_item_created_or_updated_in_PublicationsList')?['Item_x0020_type']?['Value']}",
																		"item/Topics": "@variables('TopicsArray')",
																		"item/About_x002f_Teaser": "@{items('For_each_item_created_or_updated_in_PublicationsList')?['About_x002f_Teaser']}",
																		"item/Extra_x0020_comms_x0020_products": "@variables('CommunicationProductsArray')",
																		"item/Embargomail0": "@{items('For_each_item_created_or_updated_in_PublicationsList')?['Embargomail0']}"
																	},
																	"host": {
																		"apiId": "/providers/Microsoft.PowerApps/apis/shared_sharepointonline",
																		"connectionName": "shared_sharepointonline",
																		"operationId": "PostItem"
																	},
																	"authentication": "@parameters('$authentication')"
																}
															}
														},
														"else": {
															"actions": {
																"Create_item_in_ECPublicationsList_with_null_Publication_date": {
																	"type": "OpenApiConnection",
																	"inputs": {
																		"parameters": {
																			"dataset": "https://eea1.sharepoint.com/teams/-EXT-EuropeanCommission516",
																			"table": "dcf8c7c2-6047-4938-8ac4-376ed6fd3d84",
																			"item/Title": "@{items('For_each_item_created_or_updated_in_PublicationsList')['Title']}",
																			"item/OriginalPublicationId": "@items('For_each_item_created_or_updated_in_PublicationsList')['ID']",
																			"item/Status/Value": "@{items('For_each_item_created_or_updated_in_PublicationsList')?['Status']?['Value']}",
																			"item/Item_x0020_type/Value": "@{items('For_each_item_created_or_updated_in_PublicationsList')?['Item_x0020_type']?['Value']}",
																			"item/Topics": "@variables('TopicsArray')",
																			"item/About_x002f_Teaser": "@{items('For_each_item_created_or_updated_in_PublicationsList')?['About_x002f_Teaser']}",
																			"item/Extra_x0020_comms_x0020_products": "@variables('CommunicationProductsArray')",
																			"item/Link": "@{items('For_each_item_created_or_updated_in_PublicationsList')?['Link']}",
																			"item/Embargomail0": "@{items('For_each_item_created_or_updated_in_PublicationsList')?['Embargomail0']}"
																		},
																		"host": {
																			"apiId": "/providers/Microsoft.PowerApps/apis/shared_sharepointonline",
																			"connectionName": "shared_sharepointonline",
																			"operationId": "PostItem"
																		},
																		"authentication": "@parameters('$authentication')"
																	}
																}
															}
														},
														"expression": {
															"and": [
																{
																	"equals": [
																		"@length(variables('PublicationLink'))",
																		0
																	]
																}
															]
														},
														"type": "If"
													}
												},
												"else": {
													"actions": {
														"Is_Publication_link_null_[D]_(to_handle_the_New_Designer_null_URI_bug)": {
															"actions": {
																"Create_item_in_ECPublicationsList_with_null_Publication_link": {
																	"type": "OpenApiConnection",
																	"inputs": {
																		"parameters": {
																			"dataset": "https://eea1.sharepoint.com/teams/-EXT-EuropeanCommission516",
																			"table": "dcf8c7c2-6047-4938-8ac4-376ed6fd3d84",
																			"item/Title": "@{items('For_each_item_created_or_updated_in_PublicationsList')['Title']}",
																			"item/OriginalPublicationId": "@items('For_each_item_created_or_updated_in_PublicationsList')['ID']",
																			"item/Date_x0028_outpublic_x0029_": "@{items('For_each_item_created_or_updated_in_PublicationsList')?['Date_x0028_outpublic_x0029_']}",
																			"item/Status/Value": "@{items('For_each_item_created_or_updated_in_PublicationsList')?['Status']?['Value']}",
																			"item/Item_x0020_type/Value": "@{items('For_each_item_created_or_updated_in_PublicationsList')?['Item_x0020_type']?['Value']}",
																			"item/Topics": "@variables('TopicsArray')",
																			"item/About_x002f_Teaser": "@{items('For_each_item_created_or_updated_in_PublicationsList')?['About_x002f_Teaser']}",
																			"item/Extra_x0020_comms_x0020_products": "@variables('CommunicationProductsArray')",
																			"item/Embargomail0": "@{items('For_each_item_created_or_updated_in_PublicationsList')?['Embargomail0']}"
																		},
																		"host": {
																			"apiId": "/providers/Microsoft.PowerApps/apis/shared_sharepointonline",
																			"connectionName": "shared_sharepointonline",
																			"operationId": "PostItem"
																		},
																		"authentication": "@parameters('$authentication')"
																	}
																}
															},
															"else": {
																"actions": {
																	"Create_item_in_ECPublicationsList": {
																		"type": "OpenApiConnection",
																		"inputs": {
																			"parameters": {
																				"dataset": "https://eea1.sharepoint.com/teams/-EXT-EuropeanCommission516",
																				"table": "dcf8c7c2-6047-4938-8ac4-376ed6fd3d84",
																				"item/Title": "@{items('For_each_item_created_or_updated_in_PublicationsList')['Title']}",
																				"item/OriginalPublicationId": "@items('For_each_item_created_or_updated_in_PublicationsList')['ID']",
																				"item/Date_x0028_outpublic_x0029_": "@{items('For_each_item_created_or_updated_in_PublicationsList')?['Date_x0028_outpublic_x0029_']}",
																				"item/Status/Value": "@{items('For_each_item_created_or_updated_in_PublicationsList')?['Status']?['Value']}",
																				"item/Item_x0020_type/Value": "@{items('For_each_item_created_or_updated_in_PublicationsList')?['Item_x0020_type']?['Value']}",
																				"item/Topics": "@variables('TopicsArray')",
																				"item/About_x002f_Teaser": "@{items('For_each_item_created_or_updated_in_PublicationsList')?['About_x002f_Teaser']}",
																				"item/Extra_x0020_comms_x0020_products": "@variables('CommunicationProductsArray')",
																				"item/Link": "@{items('For_each_item_created_or_updated_in_PublicationsList')?['Link']}",
																				"item/Embargomail0": "@{items('For_each_item_created_or_updated_in_PublicationsList')?['Embargomail0']}"
																			},
																			"host": {
																				"apiId": "/providers/Microsoft.PowerApps/apis/shared_sharepointonline",
																				"connectionName": "shared_sharepointonline",
																				"operationId": "PostItem"
																			},
																			"authentication": "@parameters('$authentication')"
																		}
																	}
																}
															},
															"expression": {
																"and": [
																	{
																		"equals": [
																			"@length(variables('PublicationLink'))",
																			0
																		]
																	}
																]
															},
															"type": "If"
														}
													}
												},
												"expression": {
													"and": [
														{
															"equals": [
																"@length(variables('PublicationDate'))",
																0
															]
														}
													]
												},
												"type": "If"
											}
										}
									},
									"expression": {
										"and": [
											{
												"greater": [
													"@variables('ExistingItemsCount')",
													0
												]
											}
										]
									},
									"type": "If"
								}
							},
							"runAfter": {
								"Get_Publication_type_value": [
									"Succeeded"
								]
							},
							"else": {
								"actions": {
									"Get_existing_items_to_delete_from_ECPublicationsList": {
										"type": "OpenApiConnection",
										"inputs": {
											"parameters": {
												"dataset": "https://eea1.sharepoint.com/teams/-EXT-EuropeanCommission516",
												"table": "dcf8c7c2-6047-4938-8ac4-376ed6fd3d84",
												"$filter": "OriginalPublicationId eq @{variables('PublicationId')}"
											},
											"host": {
												"apiId": "/providers/Microsoft.PowerApps/apis/shared_sharepointonline",
												"connectionName": "shared_sharepointonline",
												"operationId": "GetItems"
											},
											"authentication": "@parameters('$authentication')"
										}
									},
									"Get_count_of_existing_items_to_delete_from_ECPublicationsList": {
										"runAfter": {
											"Get_existing_items_to_delete_from_ECPublicationsList": [
												"Succeeded"
											]
										},
										"type": "SetVariable",
										"inputs": {
											"name": "ExistingItemsCount",
											"value": "@length(outputs('Get_existing_items_to_delete_from_ECPublicationsList')?['body/value'])"
										}
									},
									"Are_there_any_items_to_delete_from_ECPublicationsList": {
										"actions": {
											"For_each_item_to_delete_from_ECPublicationsList": {
												"foreach": "@outputs('Get_existing_items_to_delete_from_ECPublicationsList')?['body/value']",
												"actions": {
													"Delete_item_from_ECPublicationsList": {
														"type": "OpenApiConnection",
														"inputs": {
															"parameters": {
																"dataset": "https://eea1.sharepoint.com/teams/-EXT-EuropeanCommission516",
																"table": "dcf8c7c2-6047-4938-8ac4-376ed6fd3d84",
																"id": "@items('For_each_item_to_delete_from_ECPublicationsList')?['ID']"
															},
															"host": {
																"apiId": "/providers/Microsoft.PowerApps/apis/shared_sharepointonline",
																"connectionName": "shared_sharepointonline",
																"operationId": "DeleteItem"
															},
															"authentication": "@parameters('$authentication')"
														}
													}
												},
												"type": "Foreach"
											}
										},
										"runAfter": {
											"Get_count_of_existing_items_to_delete_from_ECPublicationsList": [
												"Succeeded"
											]
										},
										"else": {
											"actions": {
												"Debug_message_-_There_are_no_items_to_delete_from_ECPublicationsList": {
													"type": "Compose",
													"inputs": "There are no items to delete from ECPublicationsList."
												}
											}
										},
										"expression": {
											"and": [
												{
													"greater": [
														"@variables('ExistingItemsCount')",
														0
													]
												}
											]
										},
										"type": "If"
									}
								}
							},
							"expression": {
								"or": [
									{
										"equals": [
											"@outputs('Get_Publication_type_value')",
											"EEA report"
										]
									},
									{
										"equals": [
											"@outputs('Get_Publication_type_value')",
											"EEA briefing"
										]
									},
									{
										"equals": [
											"@outputs('Get_Publication_type_value')",
											"Country fact sheet"
										]
									},
									{
										"equals": [
											"@outputs('Get_Publication_type_value')",
											"EEA web report"
										]
									},
									{
										"equals": [
											"@outputs('Get_Publication_type_value')",
											"Joint report"
										]
									},
									{
										"equals": [
											"@outputs('Get_Publication_type_value')",
											"Indicator"
										]
									},
									{
										"equals": [
											"@outputs('Get_Publication_type_value')",
											"Joint briefing"
										]
									},
									{
										"equals": [
											"@outputs('Get_Publication_type_value')",
											"Online debate"
										]
									},
									{
										"equals": [
											"@outputs('Get_Publication_type_value')",
											"Event"
										]
									},
									{
										"equals": [
											"@outputs('Get_Publication_type_value')",
											"Comms product"
										]
									}
								]
							},
							"type": "If"
						},
						"Get_Publication_item_ID": {
							"type": "SetVariable",
							"inputs": {
								"name": "PublicationId",
								"value": "@items('For_each_item_created_or_updated_in_PublicationsList')['ID']"
							}
						},
						"Get_Publication_type": {
							"runAfter": {
								"Get_Publication_link": [
									"Succeeded"
								]
							},
							"type": "SetVariable",
							"inputs": {
								"name": "isECPublication",
								"value": "@{items('For_each_item_created_or_updated_in_PublicationsList')?['Item_x0020_type']?['Value']}"
							}
						},
						"Get_Topics_list": {
							"runAfter": {
								"Get_Publication_item_ID": [
									"Succeeded"
								]
							},
							"type": "Select",
							"inputs": {
								"from": "@items('For_each_item_created_or_updated_in_PublicationsList')?['Topics']",
								"select": {
									"Value": "@item()?['Value']"
								}
							}
						},
						"Set_Topics_array": {
							"runAfter": {
								"Get_Topics_list": [
									"Succeeded"
								]
							},
							"type": "SetVariable",
							"inputs": {
								"name": "TopicsArray",
								"value": "@body('Get_Topics_list')"
							}
						},
						"Get_Communication_products_list": {
							"runAfter": {
								"Set_Topics_array": [
									"Succeeded"
								]
							},
							"type": "Select",
							"inputs": {
								"from": "@items('For_each_item_created_or_updated_in_PublicationsList')?['Extra_x0020_comms_x0020_products']",
								"select": {
									"Value": "@item()?['Value']"
								}
							}
						},
						"Set_Communication_products_array": {
							"runAfter": {
								"Get_Communication_products_list": [
									"Succeeded"
								]
							},
							"type": "SetVariable",
							"inputs": {
								"name": "CommunicationProductsArray",
								"value": "@body('Get_Communication_products_list')"
							}
						},
						"Get_Publication_date": {
							"runAfter": {
								"Set_Communication_products_array": [
									"Succeeded"
								]
							},
							"type": "SetVariable",
							"inputs": {
								"name": "PublicationDate",
								"value": "@{items('For_each_item_created_or_updated_in_PublicationsList')?['Date_x0028_outpublic_x0029_']}"
							}
						},
						"Get_Publication_link": {
							"runAfter": {
								"Get_Publication_date": [
									"Succeeded"
								]
							},
							"type": "SetVariable",
							"inputs": {
								"name": "PublicationLink",
								"value": "@{items('For_each_item_created_or_updated_in_PublicationsList')?['Link']}"
							}
						},
						"Get_Publication_type_value": {
							"runAfter": {
								"Get_Publication_type": [
									"Succeeded"
								]
							},
							"type": "Compose",
							"inputs": "@variables('isECPublication')"
						}
					},
					"runAfter": {
						"Set_created_or_updated_PublicationsList_items_array_variable": [
							"Succeeded"
						]
					},
					"type": "Foreach"
				},
				"Set_created_or_updated_PublicationsList_items_array_variable": {
					"runAfter": {
						"Define_ECPublicationsList_existing_items_count_variable": [
							"Succeeded"
						]
					},
					"type": "InitializeVariable",
					"inputs": {
						"variables": [
							{
								"name": "CreatedUpdatedItems",
								"type": "array",
								"value": "@triggerOutputs()?['body/value']"
							}
						]
					}
				},
				"Define_ECPublicationsList_existing_items_count_variable": {
					"runAfter": {
						"Define_Publication_link_variable": [
							"Succeeded"
						]
					},
					"type": "InitializeVariable",
					"inputs": {
						"variables": [
							{
								"name": "ExistingItemsCount",
								"type": "integer"
							}
						]
					}
				},
				"Define_isECPublication_variable": {
					"runAfter": {},
					"type": "InitializeVariable",
					"inputs": {
						"variables": [
							{
								"name": "isECPublication",
								"type": "string"
							}
						]
					}
				},
				"Define_Publication_item_Id_variable": {
					"runAfter": {
						"Define_isECPublication_variable": [
							"Succeeded"
						]
					},
					"type": "InitializeVariable",
					"inputs": {
						"variables": [
							{
								"name": "PublicationId",
								"type": "integer"
							}
						]
					}
				},
				"Define_Publication_date_variable": {
					"runAfter": {
						"Define_Communication_products_array_variable": [
							"Succeeded"
						]
					},
					"type": "InitializeVariable",
					"inputs": {
						"variables": [
							{
								"name": "PublicationDate",
								"type": "string"
							}
						]
					}
				},
				"Define_Topics_array_variable": {
					"runAfter": {
						"Define_Publication_item_Id_variable": [
							"Succeeded"
						]
					},
					"type": "InitializeVariable",
					"inputs": {
						"variables": [
							{
								"name": "TopicsArray",
								"type": "array"
							}
						]
					}
				},
				"Define_Communication_products_array_variable": {
					"runAfter": {
						"Define_Topics_array_variable": [
							"Succeeded"
						]
					},
					"type": "InitializeVariable",
					"inputs": {
						"variables": [
							{
								"name": "CommunicationProductsArray",
								"type": "array"
							}
						]
					}
				},
				"Define_Publication_link_variable": {
					"runAfter": {
						"Define_Publication_date_variable": [
							"Succeeded"
						]
					},
					"type": "InitializeVariable",
					"inputs": {
						"variables": [
							{
								"name": "PublicationLink",
								"type": "string"
							}
						]
					}
				}
			},
			"outputs": {}
		},
		"connectionReferences": {
			"shared_sharepointonline": {
				"connectionName": "21c674e0afde4d01bb8daa5cebde7f28",
				"source": "Embedded",
				"id": "/providers/Microsoft.PowerApps/apis/shared_sharepointonline",
				"tier": "NotSpecified"
			}
		},
		"flowFailureAlertSubscribed": false,
		"isManaged": false
	}
}