{
	"name": "cc3405f1-b6f3-4ad6-9c53-d3d72cca2da8",
	"id": "/providers/Microsoft.Flow/flows/cc3405f1-b6f3-4ad6-9c53-d3d72cca2da8",
	"type": "Microsoft.Flow/flows",
	"properties": {
		"apiId": "/providers/Microsoft.PowerApps/apis/shared_logicflows",
		"displayName": "Initialize ECPublicationsList",
		"definition": {
			"metadata": {
				"workflowEntityId": null,
				"processAdvisorMetadata": null,
				"flowChargedByPaygo": null,
				"flowclientsuspensionreason": "None",
				"flowclientsuspensiontime": null,
				"flowclientsuspensionreasondetails": null,
				"creator": {
					"id": "bc4e42a7-f5da-41df-b95b-ca5b538927c7",
					"type": "User",
					"tenantId": "3433ca34-11c7-462b-96a9-fd70adcc5bb0"
				},
				"provisioningMethod": "FromDefinition",
				"failureAlertSubscription": true,
				"clientLastModifiedTime": "2024-05-17T10:00:09.2948401Z",
				"connectionKeySavedTimeKey": "2024-05-17T10:00:09.2948401Z"
			},
			"$schema": "https://schema.management.azure.com/providers/Microsoft.Logic/schemas/2016-06-01/workflowdefinition.json#",
			"contentVersion": "undefined",
			"parameters": {
				"$authentication": {
					"defaultValue": {},
					"type": "SecureObject"
				},
				"$connections": {
					"defaultValue": {},
					"type": "Object"
				}
			},
			"triggers": {
				"manual": {
					"type": "Request",
					"kind": "Button",
					"inputs": {
						"schema": {
							"type": "object",
							"properties": {},
							"required": []
						}
					}
				}
			},
			"actions": {
				"Get_items_from_ECPublicationsList": {
					"runAfter": {
						"Define_deleted_items_count_variable": [
							"Succeeded"
						]
					},
					"type": "OpenApiConnection",
					"inputs": {
						"parameters": {
							"dataset": "https://eea1.sharepoint.com/teams/-EXT-EuropeanCommission516",
							"table": "dcf8c7c2-6047-4938-8ac4-376ed6fd3d84"
						},
						"host": {
							"apiId": "/providers/Microsoft.PowerApps/apis/shared_sharepointonline",
							"connectionName": "shared_sharepointonline",
							"operationId": "GetItems"
						},
						"authentication": {
							"value": "@json(decodeBase64(triggerOutputs().headers['X-MS-APIM-Tokens']))['$ConnectionKey']",
							"type": "Raw"
						}
					},
					"runtimeConfiguration": {
						"paginationPolicy": {
							"minimumItemCount": 5000
						}
					}
				},
				"For_each_item_found_in_ECPublicationsList": {
					"foreach": "@outputs('Get_items_from_ECPublicationsList')?['body/value']",
					"actions": {
						"Delete_item": {
							"type": "OpenApiConnection",
							"inputs": {
								"parameters": {
									"dataset": "https://eea1.sharepoint.com/teams/-EXT-EuropeanCommission516",
									"table": "dcf8c7c2-6047-4938-8ac4-376ed6fd3d84",
									"id": "@items('For_each_item_found_in_ECPublicationsList')['ID']"
								},
								"host": {
									"apiId": "/providers/Microsoft.PowerApps/apis/shared_sharepointonline",
									"connectionName": "shared_sharepointonline",
									"operationId": "DeleteItem"
								},
								"authentication": {
									"value": "@json(decodeBase64(triggerOutputs().headers['X-MS-APIM-Tokens']))['$ConnectionKey']",
									"type": "Raw"
								}
							}
						},
						"Increment_deleted_items_count": {
							"runAfter": {
								"Delete_item": [
									"Succeeded"
								]
							},
							"type": "IncrementVariable",
							"inputs": {
								"name": "DeletedItems",
								"value": 1
							}
						}
					},
					"runAfter": {
						"Get_items_from_ECPublicationsList": [
							"Succeeded"
						]
					},
					"type": "Foreach"
				},
				"Get_again_all_items_from_ECPublicationsList_to_verify_list_is_empty": {
					"runAfter": {
						"Debug_-_Show_ECPublicationsList_deleted_items_count": [
							"Succeeded"
						]
					},
					"type": "OpenApiConnection",
					"inputs": {
						"parameters": {
							"dataset": "https://eea1.sharepoint.com/teams/-EXT-EuropeanCommission516",
							"table": "dcf8c7c2-6047-4938-8ac4-376ed6fd3d84"
						},
						"host": {
							"apiId": "/providers/Microsoft.PowerApps/apis/shared_sharepointonline",
							"connectionName": "shared_sharepointonline",
							"operationId": "GetItems"
						},
						"authentication": {
							"value": "@json(decodeBase64(triggerOutputs().headers['X-MS-APIM-Tokens']))['$ConnectionKey']",
							"type": "Raw"
						}
					},
					"runtimeConfiguration": {
						"paginationPolicy": {
							"minimumItemCount": 5000
						}
					}
				},
				"Is_destination_ECPublicationsList_empty": {
					"actions": {
						"For_each_item_to_process": {
							"foreach": "@outputs('Get_items_of_interest_from_PublicationsList')?['body/value']",
							"actions": {
								"Is_Publication_date_null_(we_need_to_handle_the_New_Designer_null_date_bug)": {
									"actions": {
										"Do_we_accept_Publications_without_a_Publication_date": {
											"actions": {
												"Is_Publication_link_null_[A]_(we_need_to_handle_the_New_Designer_null_URI_bug)": {
													"actions": {
														"Create_item_in_ECPublicationsList_with_null_Publication_date_and_link": {
															"type": "OpenApiConnection",
															"inputs": {
																"parameters": {
																	"dataset": "https://eea1.sharepoint.com/teams/-EXT-EuropeanCommission516",
																	"table": "dcf8c7c2-6047-4938-8ac4-376ed6fd3d84",
																	"item/Title": "@{items('For_each_item_to_process')?['Title']}",
																	"item/OriginalPublicationId": "@items('For_each_item_to_process')?['ID']",
																	"item/Status/Value": "@{items('For_each_item_to_process')?['Status']?['Value']}",
																	"item/Item_x0020_type/Value": "@{items('For_each_item_to_process')?['Item_x0020_type']?['Value']}",
																	"item/Topics": "@variables('TopicsArray')",
																	"item/About_x002f_Teaser": "@{items('For_each_item_to_process')?['About_x002f_Teaser']}",
																	"item/Extra_x0020_comms_x0020_products": "@variables('CommunicationProductsArray')",
																	"item/Embargomail0": "@{items('For_each_item_to_process')?['Embargomail0']}"
																},
																"host": {
																	"apiId": "/providers/Microsoft.PowerApps/apis/shared_sharepointonline",
																	"connectionName": "shared_sharepointonline",
																	"operationId": "PostItem"
																},
																"authentication": {
																	"value": "@json(decodeBase64(triggerOutputs().headers['X-MS-APIM-Tokens']))['$ConnectionKey']",
																	"type": "Raw"
																}
															}
														}
													},
													"else": {
														"actions": {
															"Create_item_in_ECPublicationsList_with_null_Publication_date": {
																"type": "OpenApiConnection",
																"inputs": {
																	"parameters": {
																		"dataset": "https://eea1.sharepoint.com/teams/-EXT-EuropeanCommission516",
																		"table": "dcf8c7c2-6047-4938-8ac4-376ed6fd3d84",
																		"item/Title": "@{items('For_each_item_to_process')?['Title']}",
																		"item/OriginalPublicationId": "@items('For_each_item_to_process')?['ID']",
																		"item/Status/Value": "@{items('For_each_item_to_process')?['Status']?['Value']}",
																		"item/Item_x0020_type/Value": "@{items('For_each_item_to_process')?['Item_x0020_type']?['Value']}",
																		"item/Topics": "@variables('TopicsArray')",
																		"item/About_x002f_Teaser": "@{items('For_each_item_to_process')?['About_x002f_Teaser']}",
																		"item/Extra_x0020_comms_x0020_products": "@variables('CommunicationProductsArray')",
																		"item/Link": "@variables('PublicationLink')",
																		"item/Embargomail0": "@{items('For_each_item_to_process')?['Embargomail0']}"
																	},
																	"host": {
																		"apiId": "/providers/Microsoft.PowerApps/apis/shared_sharepointonline",
																		"connectionName": "shared_sharepointonline",
																		"operationId": "PostItem"
																	},
																	"authentication": {
																		"value": "@json(decodeBase64(triggerOutputs().headers['X-MS-APIM-Tokens']))['$ConnectionKey']",
																		"type": "Raw"
																	}
																}
															}
														}
													},
													"expression": {
														"and": [
															{
																"equals": [
																	"@length(variables('PublicationLink'))",
																	0
																]
															}
														]
													},
													"type": "If"
												}
											},
											"else": {
												"actions": {
													"Debug_-_We_do_not_accept_Publications_without_a_Publication_date": {
														"type": "Compose",
														"inputs": "We do not accept Publications without a Publication date."
													}
												}
											},
											"expression": {
												"and": [
													{
														"equals": [
															"@variables('IncludeItemsWithoutPublicationDate')",
															true
														]
													}
												]
											},
											"type": "If"
										}
									},
									"runAfter": {
										"Get_Publication_link": [
											"Succeeded"
										]
									},
									"else": {
										"actions": {
											"Does_Publication_date_meet_selection_criteria": {
												"actions": {
													"Is_Publication_link_null_[B]_(we_need_to_handle_the_New_Designer_null_URI_bug)": {
														"actions": {
															"Create_item_in_ECPublicationsList_with_null_Publication_link": {
																"type": "OpenApiConnection",
																"inputs": {
																	"parameters": {
																		"dataset": "https://eea1.sharepoint.com/teams/-EXT-EuropeanCommission516",
																		"table": "dcf8c7c2-6047-4938-8ac4-376ed6fd3d84",
																		"item/Title": "@{items('For_each_item_to_process')?['Title']}",
																		"item/OriginalPublicationId": "@items('For_each_item_to_process')?['ID']",
																		"item/Date_x0028_outpublic_x0029_": "@{items('For_each_item_to_process')?['Date_x0028_outpublic_x0029_']}",
																		"item/Status/Value": "@{items('For_each_item_to_process')?['Status']?['Value']}",
																		"item/Item_x0020_type/Value": "@{items('For_each_item_to_process')?['Item_x0020_type']?['Value']}",
																		"item/Topics": "@variables('TopicsArray')",
																		"item/About_x002f_Teaser": "@{items('For_each_item_to_process')?['About_x002f_Teaser']}",
																		"item/Extra_x0020_comms_x0020_products": "@variables('CommunicationProductsArray')",
																		"item/Embargomail0": "@{items('For_each_item_to_process')?['Embargomail0']}"
																	},
																	"host": {
																		"apiId": "/providers/Microsoft.PowerApps/apis/shared_sharepointonline",
																		"connectionName": "shared_sharepointonline",
																		"operationId": "PostItem"
																	},
																	"authentication": {
																		"value": "@json(decodeBase64(triggerOutputs().headers['X-MS-APIM-Tokens']))['$ConnectionKey']",
																		"type": "Raw"
																	}
																}
															}
														},
														"else": {
															"actions": {
																"Create_item_in_ECPublicationsList": {
																	"type": "OpenApiConnection",
																	"inputs": {
																		"parameters": {
																			"dataset": "https://eea1.sharepoint.com/teams/-EXT-EuropeanCommission516",
																			"table": "dcf8c7c2-6047-4938-8ac4-376ed6fd3d84",
																			"item/Title": "@{items('For_each_item_to_process')?['Title']}",
																			"item/OriginalPublicationId": "@items('For_each_item_to_process')?['ID']",
																			"item/Date_x0028_outpublic_x0029_": "@{items('For_each_item_to_process')?['Date_x0028_outpublic_x0029_']}",
																			"item/Status/Value": "@{items('For_each_item_to_process')?['Status']?['Value']}",
																			"item/Item_x0020_type/Value": "@{items('For_each_item_to_process')?['Item_x0020_type']?['Value']}",
																			"item/Topics": "@variables('TopicsArray')",
																			"item/About_x002f_Teaser": "@{items('For_each_item_to_process')?['About_x002f_Teaser']}",
																			"item/Extra_x0020_comms_x0020_products": "@variables('CommunicationProductsArray')",
																			"item/Link": "@variables('PublicationLink')",
																			"item/Embargomail0": "@{items('For_each_item_to_process')?['Embargomail0']}"
																		},
																		"host": {
																			"apiId": "/providers/Microsoft.PowerApps/apis/shared_sharepointonline",
																			"connectionName": "shared_sharepointonline",
																			"operationId": "PostItem"
																		},
																		"authentication": {
																			"value": "@json(decodeBase64(triggerOutputs().headers['X-MS-APIM-Tokens']))['$ConnectionKey']",
																			"type": "Raw"
																		}
																	}
																}
															}
														},
														"expression": {
															"and": [
																{
																	"equals": [
																		"@length(variables('PublicationLink'))",
																		0
																	]
																}
															]
														},
														"type": "If"
													}
												},
												"runAfter": {
													"Debug_-_Current_Publication_date_year": [
														"Succeeded"
													]
												},
												"else": {
													"actions": {
														"Debug_-_The_Publication_date_is_too_old": {
															"type": "Compose",
															"inputs": "The Publication date is too old."
														}
													}
												},
												"expression": {
													"and": [
														{
															"greaterOrEquals": [
																"@outputs('Debug_-_Current_Publication_date_year')",
																"@outputs('Debug_-_Minimum_Publication_date_year')"
															]
														}
													]
												},
												"type": "If"
											},
											"Debug_-_Current_Publication_date_year": {
												"runAfter": {
													"Debug_-_Minimum_Publication_date_year": [
														"Succeeded"
													]
												},
												"type": "Compose",
												"inputs": "@int(formatDateTime(variables('PublicationDate'), 'yyyy'))"
											},
											"Debug_-_Minimum_Publication_date_year": {
												"type": "Compose",
												"inputs": "@variables('MinimumYear')"
											}
										}
									},
									"expression": {
										"and": [
											{
												"equals": [
													"@length(variables('PublicationDate'))",
													0
												]
											}
										]
									},
									"type": "If"
								},
								"Get_Publication_date": {
									"type": "SetVariable",
									"inputs": {
										"name": "PublicationDate",
										"value": "@{items('For_each_item_to_process')?['Date_x0028_outpublic_x0029_']}"
									}
								},
								"Set_Topics_array": {
									"runAfter": {
										"Get_Topics_list": [
											"Succeeded"
										]
									},
									"type": "SetVariable",
									"inputs": {
										"name": "TopicsArray",
										"value": "@body('Get_Topics_list')"
									}
								},
								"Set_Communication_products_array": {
									"runAfter": {
										"Get_Communication_products_list": [
											"Succeeded"
										]
									},
									"type": "SetVariable",
									"inputs": {
										"name": "CommunicationProductsArray",
										"value": "@body('Get_Communication_products_list')"
									}
								},
								"Get_Topics_list": {
									"runAfter": {
										"Get_Publication_date": [
											"Succeeded"
										]
									},
									"type": "Select",
									"inputs": {
										"from": "@items('For_each_item_to_process')?['Topics']",
										"select": {
											"Value": "@item()?['Value']"
										}
									}
								},
								"Get_Communication_products_list": {
									"runAfter": {
										"Set_Topics_array": [
											"Succeeded"
										]
									},
									"type": "Select",
									"inputs": {
										"from": "@items('For_each_item_to_process')?['Extra_x0020_comms_x0020_products']",
										"select": {
											"Value": "@item()?['Value']"
										}
									}
								},
								"Get_Publication_link": {
									"runAfter": {
										"Set_Communication_products_array": [
											"Succeeded"
										]
									},
									"type": "SetVariable",
									"inputs": {
										"name": "PublicationLink",
										"value": "@{items('For_each_item_to_process')?['Link']}"
									}
								}
							},
							"runAfter": {
								"Get_items_of_interest_from_PublicationsList": [
									"Succeeded"
								]
							},
							"type": "Foreach"
						},
						"Get_items_of_interest_from_PublicationsList": {
							"type": "OpenApiConnection",
							"inputs": {
								"parameters": {
									"dataset": "https://eea1.sharepoint.com/teams/EEACOM",
									"table": "8ca2b3a1-02c6-4499-9beb-10d151e624b2",
									"$filter": "(Item_x0020_type eq 'EEA report') or (Item_x0020_type eq 'EEA briefing') or (Item_x0020_type eq 'Country fact sheet') or (Item_x0020_type eq 'EEA web report') or (Item_x0020_type eq 'Joint report') or (Item_x0020_type eq 'Indicator') or (Item_x0020_type eq 'Joint briefing') or (Item_x0020_type eq 'Online debate') or (Item_x0020_type eq 'Event') or (Item_x0020_type eq 'Comms product')"
								},
								"host": {
									"apiId": "/providers/Microsoft.PowerApps/apis/shared_sharepointonline",
									"connectionName": "shared_sharepointonline",
									"operationId": "GetItems"
								},
								"authentication": {
									"value": "@json(decodeBase64(triggerOutputs().headers['X-MS-APIM-Tokens']))['$ConnectionKey']",
									"type": "Raw"
								}
							},
							"runtimeConfiguration": {
								"paginationPolicy": {
									"minimumItemCount": 5000
								}
							}
						}
					},
					"runAfter": {
						"Get_ECPublicationsList_count": [
							"Succeeded"
						]
					},
					"else": {
						"actions": {
							"Terminate_with_failure_message": {
								"type": "Terminate",
								"inputs": {
									"runStatus": "Failed",
									"runError": {
										"code": "-1",
										"message": "Cleaning the ECPublicationsList content failed! Please re-run the flow."
									}
								}
							}
						}
					},
					"expression": {
						"and": [
							{
								"equals": [
									"@variables('ECPublicationsListLength')",
									0
								]
							}
						]
					},
					"type": "If"
				},
				"Set_minimum_Publication_year": {
					"runAfter": {},
					"type": "InitializeVariable",
					"inputs": {
						"variables": [
							{
								"name": "MinimumYear",
								"type": "integer",
								"value": 2022
							}
						]
					}
				},
				"Define_deleted_items_count_variable": {
					"runAfter": {
						"Define_Publication_link_variable": [
							"Succeeded"
						]
					},
					"type": "InitializeVariable",
					"inputs": {
						"variables": [
							{
								"name": "DeletedItems",
								"type": "integer",
								"value": 0
							}
						]
					}
				},
				"Debug_-_Show_ECPublicationsList_deleted_items_count": {
					"runAfter": {
						"For_each_item_found_in_ECPublicationsList": [
							"Succeeded"
						]
					},
					"type": "Compose",
					"inputs": "@concat(variables('DeletedItems'), ' items were deleted from ECConsultationsList.')"
				},
				"Get_ECPublicationsList_count": {
					"runAfter": {
						"Get_again_all_items_from_ECPublicationsList_to_verify_list_is_empty": [
							"Succeeded"
						]
					},
					"type": "InitializeVariable",
					"inputs": {
						"variables": [
							{
								"name": "ECPublicationsListLength",
								"type": "integer",
								"value": "@length(outputs('Get_again_all_items_from_ECPublicationsList_to_verify_list_is_empty')?['body/value'])"
							}
						]
					}
				},
				"Define_Topics_array_variable": {
					"runAfter": {
						"Set_Include_items_without_a_Publication_date": [
							"Succeeded"
						]
					},
					"type": "InitializeVariable",
					"inputs": {
						"variables": [
							{
								"name": "TopicsArray",
								"type": "array"
							}
						]
					}
				},
				"Define_Communication_products_array_variable": {
					"runAfter": {
						"Define_Topics_array_variable": [
							"Succeeded"
						]
					},
					"type": "InitializeVariable",
					"inputs": {
						"variables": [
							{
								"name": "CommunicationProductsArray",
								"type": "array"
							}
						]
					}
				},
				"Define_Publication_link_variable": {
					"runAfter": {
						"Define_Publication_date_variable": [
							"Succeeded"
						]
					},
					"type": "InitializeVariable",
					"inputs": {
						"variables": [
							{
								"name": "PublicationLink",
								"type": "string"
							}
						]
					}
				},
				"Set_Include_items_without_a_Publication_date": {
					"runAfter": {
						"Set_minimum_Publication_year": [
							"Succeeded"
						]
					},
					"type": "InitializeVariable",
					"inputs": {
						"variables": [
							{
								"name": "IncludeItemsWithoutPublicationDate",
								"type": "boolean",
								"value": true
							}
						]
					}
				},
				"Define_Publication_date_variable": {
					"runAfter": {
						"Define_Communication_products_array_variable": [
							"Succeeded"
						]
					},
					"type": "InitializeVariable",
					"inputs": {
						"variables": [
							{
								"name": "PublicationDate",
								"type": "string"
							}
						]
					}
				}
			}
		},
		"connectionReferences": {
			"shared_sharepointonline": {
				"connectionName": "30701ad70fa345128eac9b8242c79131",
				"source": "Invoker",
				"id": "/providers/Microsoft.PowerApps/apis/shared_sharepointonline",
				"tier": "NotSpecified"
			}
		},
		"flowFailureAlertSubscribed": false,
		"isManaged": false
	}
}