{
	"name": "433dfef2-e5ab-4233-aec5-50523341560c",
	"id": "/providers/Microsoft.Flow/flows/433dfef2-e5ab-4233-aec5-50523341560c",
	"type": "Microsoft.Flow/flows",
	"properties": {
		"apiId": "/providers/Microsoft.PowerApps/apis/shared_logicflows",
		"displayName": "Update ECPublicationsList on PublicationsList Delete event",
		"definition": {
			"metadata": {
				"workflowEntityId": null,
				"processAdvisorMetadata": null,
				"flowChargedByPaygo": null,
				"flowclientsuspensionreason": "None",
				"flowclientsuspensiontime": null,
				"flowclientsuspensionreasondetails": null,
				"creator": {
					"id": "1f916871-97aa-4a59-83aa-441a6fcb7fd6",
					"type": "User",
					"tenantId": "052a7b8c-a7e9-4027-ac09-337aa0a913c2"
				},
				"provisioningMethod": "FromDefinition",
				"failureAlertSubscription": true,
				"clientLastModifiedTime": "2024-05-15T14:59:00.5999963Z",
				"connectionKeySavedTimeKey": "2024-05-15T14:59:00.5999963Z"
			},
			"$schema": "https://schema.management.azure.com/providers/Microsoft.Logic/schemas/2016-06-01/workflowdefinition.json#",
			"contentVersion": "1.0.0.0",
			"parameters": {
				"$authentication": {
					"defaultValue": {},
					"type": "SecureObject"
				},
				"$connections": {
					"defaultValue": {},
					"type": "Object"
				}
			},
			"triggers": {
				"When_items_are_deleted_in_the_PublicationsList": {
					"recurrence": {
						"frequency": "Minute",
						"interval": 5
					},
					"type": "OpenApiConnection",
					"inputs": {
						"parameters": {
							"dataset": "https://eea1.sharepoint.com/teams/EEACOM",
							"table": "8ca2b3a1-02c6-4499-9beb-10d151e624b2"
						},
						"host": {
							"apiId": "/providers/Microsoft.PowerApps/apis/shared_sharepointonline",
							"connectionName": "shared_sharepointonline",
							"operationId": "GetOnDeletedItems"
						},
						"authentication": "@parameters('$authentication')"
					},
					"conditions": []
				}
			},
			"actions": {
				"Get_PublicationsList_deleted_items_array_variable": {
					"runAfter": {},
					"type": "InitializeVariable",
					"inputs": {
						"variables": [
							{
								"name": "DeletedItems",
								"type": "array",
								"value": "@triggerOutputs()?['body/value']"
							}
						]
					}
				},
				"For_each_item_deleted_from_PublicationsList": {
					"foreach": "@variables('DeletedItems')",
					"actions": {
						"Get_the_items_to_delete_from_ECPublicationsList": {
							"runAfter": {
								"Get_PublicationsList_deleted_item_ID": [
									"Succeeded"
								]
							},
							"type": "OpenApiConnection",
							"inputs": {
								"parameters": {
									"dataset": "https://eea1.sharepoint.com/teams/-EXT-EuropeanCommission516",
									"table": "dcf8c7c2-6047-4938-8ac4-376ed6fd3d84",
									"$filter": "OriginalPublicationId eq @{variables('DeletedItemID')}"
								},
								"host": {
									"apiId": "/providers/Microsoft.PowerApps/apis/shared_sharepointonline",
									"connectionName": "shared_sharepointonline",
									"operationId": "GetItems"
								},
								"authentication": "@parameters('$authentication')"
							}
						},
						"Get_PublicationsList_deleted_item": {
							"type": "SetVariable",
							"inputs": {
								"name": "DeletedItem",
								"value": "@{items('For_each_item_deleted_from_PublicationsList')}"
							}
						},
						"Get_PublicationsList_deleted_item_ID": {
							"runAfter": {
								"Get_PublicationsList_deleted_item": [
									"Succeeded"
								]
							},
							"type": "SetVariable",
							"inputs": {
								"name": "DeletedItemID",
								"value": "@items('For_each_item_deleted_from_PublicationsList')['ID']"
							}
						},
						"Get_PublicationsList_items_to_delete_count": {
							"runAfter": {
								"Get_the_items_to_delete_from_ECPublicationsList": [
									"Succeeded"
								]
							},
							"type": "SetVariable",
							"inputs": {
								"name": "HowManyItemsToDelete",
								"value": "@length(outputs('Get_the_items_to_delete_from_ECPublicationsList')?['body/value'])"
							}
						},
						"Are_there_any_items_to_delete_from_ECPublicationsList": {
							"actions": {
								"For_each_item_to_delete_from_ECPublicationsList": {
									"foreach": "@outputs('Get_the_items_to_delete_from_ECPublicationsList')?['body/value']",
									"actions": {
										"Delete_item_from_ECPublicationsList": {
											"runAfter": {
												"Debug_-_ECPublicationList_deleted_item_ID": [
													"Succeeded"
												]
											},
											"type": "OpenApiConnection",
											"inputs": {
												"parameters": {
													"dataset": "https://eea1.sharepoint.com/teams/-EXT-EuropeanCommission516",
													"table": "dcf8c7c2-6047-4938-8ac4-376ed6fd3d84",
													"id": "@items('For_each_item_to_delete_from_ECPublicationsList')?['ID']"
												},
												"host": {
													"apiId": "/providers/Microsoft.PowerApps/apis/shared_sharepointonline",
													"connectionName": "shared_sharepointonline",
													"operationId": "DeleteItem"
												},
												"authentication": "@parameters('$authentication')"
											}
										},
										"Debug_-_ECPublicationList_deleted_item_ID": {
											"type": "Compose",
											"inputs": "@items('For_each_item_to_delete_from_ECPublicationsList')['ID']"
										}
									},
									"type": "Foreach"
								}
							},
							"runAfter": {
								"Get_PublicationsList_items_to_delete_count": [
									"Succeeded"
								]
							},
							"else": {
								"actions": {
									"Message_-_There_are_no_items_to_be_deleted_from_ECPublicationsList": {
										"type": "Compose",
										"inputs": "@replace('There are no items with ID: <ID> to be deleted from ECConsultationsList', '<ID>', string(variables('DeletedItemID')))"
									}
								}
							},
							"expression": {
								"and": [
									{
										"greater": [
											"@variables('HowManyItemsToDelete')",
											0
										]
									}
								]
							},
							"type": "If"
						}
					},
					"runAfter": {
						"Define_ECPublicationsList_count_of_items_to_delete_variable": [
							"Succeeded"
						]
					},
					"type": "Foreach"
				},
				"Get_PublicationsList_deleted_items_array_length_variable": {
					"runAfter": {
						"Get_PublicationsList_deleted_items_array_variable": [
							"Succeeded"
						]
					},
					"type": "InitializeVariable",
					"inputs": {
						"variables": [
							{
								"name": "DeletedItemsCount",
								"type": "integer",
								"value": "@length(variables('DeletedItems'))"
							}
						]
					}
				},
				"Define_PublicationsList_single_deleted_item_variable": {
					"runAfter": {
						"Get_PublicationsList_deleted_items_array_length_variable": [
							"Succeeded"
						]
					},
					"type": "InitializeVariable",
					"inputs": {
						"variables": [
							{
								"name": "DeletedItem",
								"type": "string"
							}
						]
					}
				},
				"_Define_PublicationsList_deleted_item_ID_variable": {
					"runAfter": {
						"Define_PublicationsList_single_deleted_item_variable": [
							"Succeeded"
						]
					},
					"type": "InitializeVariable",
					"inputs": {
						"variables": [
							{
								"name": "DeletedItemID",
								"type": "integer"
							}
						]
					}
				},
				"Define_ECPublicationsList_count_of_items_to_delete_variable": {
					"runAfter": {
						"_Define_PublicationsList_deleted_item_ID_variable": [
							"Succeeded"
						]
					},
					"type": "InitializeVariable",
					"inputs": {
						"variables": [
							{
								"name": "HowManyItemsToDelete",
								"type": "integer"
							}
						]
					}
				}
			},
			"outputs": {}
		},
		"connectionReferences": {
			"shared_sharepointonline": {
				"connectionName": "21c674e0afde4d01bb8daa5cebde7f28",
				"source": "Embedded",
				"id": "/providers/Microsoft.PowerApps/apis/shared_sharepointonline",
				"tier": "NotSpecified"
			}
		},
		"flowFailureAlertSubscribed": false,
		"isManaged": false
	}
}