{
    "name": "de776e72-465c-48af-9be3-fef82906cf57",
    "id": "/providers/Microsoft.Flow/flows/de776e72-465c-48af-9be3-fef82906cf57",
    "type": "Microsoft.Flow/flows",
    "properties": {
        "apiId": "/providers/Microsoft.PowerApps/apis/shared_logicflows",
        "displayName": "Update EventsSummary on ConsultationsList CreateUpdate event",
        "definition": {
            "metadata": {
                "workflowEntityId": null,
                "processAdvisorMetadata": null,
                "flowChargedByPaygo": null,
                "flowclientsuspensionreason": "None",
                "flowclientsuspensiontime": null,
                "flowclientsuspensionreasondetails": null,
                "creator": {
                    "id": "bc4e42a7-f5da-41df-b95b-ca5b538927c7",
                    "type": "User",
                    "tenantId": "3433ca34-11c7-462b-96a9-fd70adcc5bb0"
                },
                "provisioningMethod": "FromDefinition",
                "failureAlertSubscription": true,
                "clientLastModifiedTime": "2024-09-24T10:33:28.7579016Z",
                "connectionKeySavedTimeKey": "2024-09-24T10:33:28.7579016Z"
            },
            "$schema": "https://schema.management.azure.com/providers/Microsoft.Logic/schemas/2016-06-01/workflowdefinition.json#",
            "contentVersion": "1.0.0.0",
            "parameters": {
                "$authentication": {
                    "defaultValue": {
                    },
                    "type": "SecureObject"
                },
                "$connections": {
                    "defaultValue": {
                    },
                    "type": "Object"
                }
            },
            "triggers": {
                "When_an_item_is_created_or_modified_in_ConsultationsList": {
                    "recurrence": {
                        "frequency": "Minute",
                        "interval": 5
                    },
                    "type": "OpenApiConnection",
                    "inputs": {
                        "parameters": {
                            "dataset": "https://eea1.sharepoint.com/sites/-EXT-EionetConfiguration",
                            "table": "1792f20b-3ab3-4d3a-9a19-55090075ee54"
                        },
                        "host": {
                            "apiId": "/providers/Microsoft.PowerApps/apis/shared_sharepointonline",
                            "connectionName": "shared_sharepointonline",
                            "operationId": "GetOnUpdatedItems"
                        },
                        "authentication": "@parameters('$authentication')"
                    }
                }
            },
            "actions": {
                "Apply_to_each_item_created_or_updated_in_ConsultationsList": {
                    "foreach": "@variables('CreatedUpdatedItems')",
                    "actions": {
                        "Get_Consultation_Item_ID": {
                            "type": "SetVariable",
                            "inputs": {
                                "name": "ItemId",
                                "value": "@items('Apply_to_each_item_created_or_updated_in_ConsultationsList')['ID']"
                            }
                        },
                        "Get_existing_items_to_update_in_EventsSummary_list": {
                            "runAfter": {
                                "Set_Consultation_Eionet_Groups_array": [
                                    "Succeeded"
                                ]
                            },
                            "type": "OpenApiConnection",
                            "inputs": {
                                "parameters": {
                                    "dataset": "https://eea1.sharepoint.com/sites/-EXT-EionetConfiguration",
                                    "table": "2fabd632-3672-469b-990a-7dcc56460ec6",
                                    "$filter": "OriginalId eq @{variables('ItemId')} and SourceList eq 'ConsultationsList'"
                                },
                                "host": {
                                    "apiId": "/providers/Microsoft.PowerApps/apis/shared_sharepointonline",
                                    "connectionName": "shared_sharepointonline",
                                    "operationId": "GetItems"
                                },
                                "authentication": "@parameters('$authentication')"
                            }
                        },
                        "Get_count_of_existing_items_to_update_in_EventsSummary_list": {
                            "runAfter": {
                                "Get_existing_items_to_update_in_EventsSummary_list": [
                                    "Succeeded"
                                ]
                            },
                            "type": "SetVariable",
                            "inputs": {
                                "name": "ExistingItemsCount",
                                "value": "@length(outputs('Get_existing_items_to_update_in_EventsSummary_list')?['body/value'])"
                            }
                        },
                        "Are_there_any_items_to_update_in_the_EventsSummary_list": {
                            "actions": {
                                "For_each_item_to_update_in_the_EventsSummary_list": {
                                    "foreach": "@outputs('Get_existing_items_to_update_in_EventsSummary_list')?['body/value']",
                                    "actions": {
                                        "Update_item_in_EventsSummary_list": {
                                            "type": "OpenApiConnection",
                                            "inputs": {
                                                "parameters": {
                                                    "dataset": "https://eea1.sharepoint.com/sites/-EXT-EionetConfiguration",
                                                    "table": "2fabd632-3672-469b-990a-7dcc56460ec6",
                                                    "id": "@items('For_each_item_to_update_in_the_EventsSummary_list')?['ID']",
                                                    "item/Title": "@variables('Title')",
                                                    "item/StartDate": "@variables('ConsultationDate')",
                                                    "item/EndDate": "@variables('ConsultationDate')",
                                                    "item/LinkToEvent": "@variables('Link')",
                                                    "item/EventCategory/Value": "@variables('ConsultationType')",
                                                    "item/Groups": "@variables('GroupsArray')"
                                                },
                                                "host": {
                                                    "apiId": "/providers/Microsoft.PowerApps/apis/shared_sharepointonline",
                                                    "connectionName": "shared_sharepointonline",
                                                    "operationId": "PatchItem"
                                                },
                                                "authentication": "@parameters('$authentication')"
                                            }
                                        }
                                    },
                                    "type": "Foreach"
                                }
                            },
                            "runAfter": {
                                "Get_count_of_existing_items_to_update_in_EventsSummary_list": [
                                    "Succeeded"
                                ]
                            },
                            "else": {
                                "actions": {
                                    "Create_item_in_EventsSummary_list": {
                                        "type": "OpenApiConnection",
                                        "inputs": {
                                            "parameters": {
                                                "dataset": "https://eea1.sharepoint.com/sites/-EXT-EionetConfiguration",
                                                "table": "2fabd632-3672-469b-990a-7dcc56460ec6",
                                                "item/Title": "@variables('Title')",
                                                "item/StartDate": "@variables('ConsultationDate')",
                                                "item/EndDate": "@variables('ConsultationDate')",
                                                "item/LinkToEvent": "@variables('Link')",
                                                "item/EventCategory/Value": "@variables('ConsultationType')",
                                                "item/Groups": "@variables('GroupsArray')",
                                                "item/OriginalId": "@variables('ItemId')",
                                                "item/SourceList/Value": "ConsultationsList"
                                            },
                                            "host": {
                                                "apiId": "/providers/Microsoft.PowerApps/apis/shared_sharepointonline",
                                                "connectionName": "shared_sharepointonline",
                                                "operationId": "PostItem"
                                            },
                                            "authentication": "@parameters('$authentication')"
                                        }
                                    }
                                }
                            },
                            "expression": {
                                "and": [
                                    {
                                        "greater": [
                                            "@variables('ExistingItemsCount')",
                                            0
                                        ]
                                    }
                                ]
                            },
                            "type": "If"
                        },
                        "Get_Consultation_Closed_date": {
                            "runAfter": {
                                "Get_Consultation_Title": [
                                    "Succeeded"
                                ]
                            },
                            "type": "SetVariable",
                            "inputs": {
                                "name": "ConsultationDate",
                                "value": "@items('Apply_to_each_item_created_or_updated_in_ConsultationsList')['Closed']"
                            }
                        },
                        "Get_Consultation_Eionet_Groups_list": {
                            "runAfter": {
                                "Get_ConsultationsList_Link": [
                                    "Succeeded"
                                ]
                            },
                            "type": "Select",
                            "inputs": {
                                "from": "@items('Apply_to_each_item_created_or_updated_in_ConsultationsList')['EionetGroups']",
                                "select": {
                                    "Value": "@item()?['Value']"
                                }
                            }
                        },
                        "Set_Consultation_Eionet_Groups_array": {
                            "runAfter": {
                                "Get_Consultation_Eionet_Groups_list": [
                                    "Succeeded"
                                ]
                            },
                            "type": "SetVariable",
                            "inputs": {
                                "name": "GroupsArray",
                                "value": "@body('Get_Consultation_Eionet_Groups_list')"
                            }
                        },
                        "Get_Consultation_Type": {
                            "runAfter": {
                                "Get_Consultation_Closed_date": [
                                    "Succeeded"
                                ]
                            },
                            "type": "SetVariable",
                            "inputs": {
                                "name": "ConsultationType",
                                "value": "@items('Apply_to_each_item_created_or_updated_in_ConsultationsList')['ConsultationType']['Value']"
                            }
                        },
                        "Get_Consultation_Title": {
                            "runAfter": {
                                "Get_Consultation_Item_ID": [
                                    "Succeeded"
                                ]
                            },
                            "type": "SetVariable",
                            "inputs": {
                                "name": "Title",
                                "value": "@items('Apply_to_each_item_created_or_updated_in_ConsultationsList')['Title']"
                            }
                        },
                        "Get_ConsultationsList_Link": {
                            "runAfter": {
                                "Get_Consultation_Type": [
                                    "Succeeded"
                                ]
                            },
                            "type": "SetVariable",
                            "inputs": {
                                "name": "Link",
                                "value": "@concat(variables('ConsultationsListURL'), 'FilterField1=ID&FilterValue1=', variables('ItemID'), '&FilterType1=Counter')"
                            }
                        }
                    },
                    "runAfter": {
                        "Set_created_or_updated_Events_items_array_variable": [
                            "Succeeded"
                        ]
                    },
                    "type": "Foreach"
                },
                "Set_created_or_updated_Events_items_array_variable": {
                    "runAfter": {
                        "Define_existing_items_count_in_EventsSummary_variable": [
                            "Succeeded"
                        ]
                    },
                    "type": "InitializeVariable",
                    "inputs": {
                        "variables": [
                            {
                                "name": "CreatedUpdatedItems",
                                "type": "array",
                                "value": "@triggerOutputs()?['body/value']"
                            }
                        ]
                    }
                },
                "Define_existing_items_count_in_EventsSummary_variable": {
                    "runAfter": {
                        "Define_Consultation_Eionet_Groups_array_variable": [
                            "Succeeded"
                        ]
                    },
                    "type": "InitializeVariable",
                    "inputs": {
                        "variables": [
                            {
                                "name": "ExistingItemsCount",
                                "type": "integer"
                            }
                        ]
                    }
                },
                "Define_Consultation_Item_ID_variable": {
                    "runAfter": {
                        "Define_ConsultationsList_URL_variable": [
                            "Succeeded"
                        ]
                    },
                    "type": "InitializeVariable",
                    "inputs": {
                        "variables": [
                            {
                                "name": "ItemId",
                                "type": "integer"
                            }
                        ]
                    }
                },
                "Define_Consultation_Closed_date_variable": {
                    "runAfter": {
                        "Define_ConsultationsList_Link_variable": [
                            "Succeeded"
                        ]
                    },
                    "type": "InitializeVariable",
                    "inputs": {
                        "variables": [
                            {
                                "name": "ConsultationDate",
                                "type": "string"
                            }
                        ]
                    }
                },
                "Define_Consultation_Eionet_Groups_array_variable": {
                    "runAfter": {
                        "Define_Consultation_type_variable": [
                            "Succeeded"
                        ]
                    },
                    "type": "InitializeVariable",
                    "inputs": {
                        "variables": [
                            {
                                "name": "GroupsArray",
                                "type": "array"
                            }
                        ]
                    }
                },
                "Define_Consultation_type_variable": {
                    "runAfter": {
                        "Define_Consultation_Closed_date_variable": [
                            "Succeeded"
                        ]
                    },
                    "type": "InitializeVariable",
                    "inputs": {
                        "variables": [
                            {
                                "name": "ConsultationType",
                                "type": "string"
                            }
                        ]
                    }
                },
                "Define_Consultation_Title_variable": {
                    "runAfter": {
                        "Define_Consultation_Item_ID_variable": [
                            "Succeeded"
                        ]
                    },
                    "type": "InitializeVariable",
                    "inputs": {
                        "variables": [
                            {
                                "name": "Title",
                                "type": "string"
                            }
                        ]
                    }
                },
                "Define_ConsultationsList_Link_variable": {
                    "runAfter": {
                        "Define_Consultation_Title_variable": [
                            "Succeeded"
                        ]
                    },
                    "type": "InitializeVariable",
                    "inputs": {
                        "variables": [
                            {
                                "name": "Link",
                                "type": "string"
                            }
                        ]
                    }
                },
                "Define_ConsultationsList_URL_variable": {
                    "runAfter": {
                    },
                    "type": "InitializeVariable",
                    "inputs": {
                        "variables": [
                            {
                                "name": "ConsultationsListURL",
                                "type": "string",
                                "value": "https://eea1.sharepoint.com/sites/-EXT-EionetConfiguration/Lists/Consultations%20List/AllItems.aspx?"
                            }
                        ]
                    }
                }
            },
            "outputs": {
            }
        },
        "connectionReferences": {
            "shared_sharepointonline": {
                "connectionName": "30701ad70fa345128eac9b8242c79131",
                "source": "Embedded",
                "id": "/providers/Microsoft.PowerApps/apis/shared_sharepointonline",
                "tier": "NotSpecified"
            }
        },
        "flowFailureAlertSubscribed": false,
        "isManaged": false
    }
}