{
	"name": "464b35fe-c66b-4d43-a206-20c9419e67db",
	"id": "/providers/Microsoft.Flow/flows/464b35fe-c66b-4d43-a206-20c9419e67db",
	"type": "Microsoft.Flow/flows",
	"properties": {
		"apiId": "/providers/Microsoft.PowerApps/apis/shared_logicflows",
		"displayName": "Initialize ECConsultationsList",
		"definition": {
			"metadata": {
				"workflowEntityId": null,
				"processAdvisorMetadata": null,
				"flowChargedByPaygo": null,
				"flowclientsuspensionreason": "None",
				"flowclientsuspensiontime": null,
				"flowclientsuspensionreasondetails": null,
				"creator": {
					"id": "bc4e42a7-f5da-41df-b95b-ca5b538927c7",
					"type": "User",
					"tenantId": "3433ca34-11c7-462b-96a9-fd70adcc5bb0"
				},
				"provisioningMethod": "FromDefinition",
				"failureAlertSubscription": true,
				"clientLastModifiedTime": "2024-05-22T14:42:56.088285Z",
				"connectionKeySavedTimeKey": "2024-05-22T14:42:56.088285Z"
			},
			"$schema": "https://schema.management.azure.com/providers/Microsoft.Logic/schemas/2016-06-01/workflowdefinition.json#",
			"contentVersion": "undefined",
			"parameters": {
				"$authentication": {
					"defaultValue": {},
					"type": "SecureObject"
				},
				"$connections": {
					"defaultValue": {},
					"type": "Object"
				}
			},
			"triggers": {
				"manual": {
					"type": "Request",
					"kind": "Button",
					"inputs": {
						"schema": {
							"type": "object",
							"properties": {},
							"required": []
						}
					}
				}
			},
			"actions": {
				"Get_items_from_ECConsultationsList": {
					"runAfter": {
						"Define_ECGroups_array_variable": [
							"Succeeded"
						]
					},
					"type": "OpenApiConnection",
					"inputs": {
						"parameters": {
							"dataset": "https://eea1.sharepoint.com/teams/-EXT-EuropeanCommission516",
							"table": "6d6daf1b-8c7d-49ac-bef6-07d68ea9db30",
							"$filter": "Modified le '@{utcNow()}'"
						},
						"host": {
							"apiId": "/providers/Microsoft.PowerApps/apis/shared_sharepointonline",
							"connectionName": "shared_sharepointonline",
							"operationId": "GetItems"
						},
						"authentication": {
							"value": "@json(decodeBase64(triggerOutputs().headers['X-MS-APIM-Tokens']))['$ConnectionKey']",
							"type": "Raw"
						}
					},
					"runtimeConfiguration": {
						"paginationPolicy": {
							"minimumItemCount": 5000
						}
					}
				},
				"For_each_item_in_ECConsultationsList": {
					"foreach": "@outputs('Get_items_from_ECConsultationsList')?['body/value']",
					"actions": {
						"Delete_item": {
							"type": "OpenApiConnection",
							"inputs": {
								"parameters": {
									"dataset": "https://eea1.sharepoint.com/teams/-EXT-EuropeanCommission516",
									"table": "6d6daf1b-8c7d-49ac-bef6-07d68ea9db30",
									"id": "@items('For_each_item_in_ECConsultationsList')['ID']"
								},
								"host": {
									"apiId": "/providers/Microsoft.PowerApps/apis/shared_sharepointonline",
									"connectionName": "shared_sharepointonline",
									"operationId": "DeleteItem"
								},
								"authentication": {
									"value": "@json(decodeBase64(triggerOutputs().headers['X-MS-APIM-Tokens']))['$ConnectionKey']",
									"type": "Raw"
								}
							}
						},
						"Increment_deleted_items_count": {
							"runAfter": {
								"Delete_item": [
									"Succeeded"
								]
							},
							"type": "IncrementVariable",
							"inputs": {
								"name": "DeletedItems",
								"value": 1
							}
						}
					},
					"runAfter": {
						"Get_items_from_ECConsultationsList": [
							"Succeeded"
						]
					},
					"type": "Foreach"
				},
				"Get_ECConsultationsList_count": {
					"runAfter": {
						"Get_again_all_items_from_ECConsultationsList_to_verify_it_is_empty": [
							"Succeeded"
						]
					},
					"type": "InitializeVariable",
					"inputs": {
						"variables": [
							{
								"name": "ECConsultationsListLength",
								"type": "integer",
								"value": "@length(outputs('Get_again_all_items_from_ECConsultationsList_to_verify_it_is_empty')?['body/value'])"
							}
						]
					}
				},
				"Get_again_all_items_from_ECConsultationsList_to_verify_it_is_empty": {
					"runAfter": {
						"Debug_-_ECConsultationsList_deleted_items_count": [
							"Succeeded"
						]
					},
					"type": "OpenApiConnection",
					"inputs": {
						"parameters": {
							"dataset": "https://eea1.sharepoint.com/teams/-EXT-EuropeanCommission516",
							"table": "6d6daf1b-8c7d-49ac-bef6-07d68ea9db30",
							"$filter": "Modified le '@{utcNow()}'"
						},
						"host": {
							"apiId": "/providers/Microsoft.PowerApps/apis/shared_sharepointonline",
							"connectionName": "shared_sharepointonline",
							"operationId": "GetItems"
						},
						"authentication": {
							"value": "@json(decodeBase64(triggerOutputs().headers['X-MS-APIM-Tokens']))['$ConnectionKey']",
							"type": "Raw"
						}
					}
				},
				"Is_ECConsultationsList_empty": {
					"actions": {
						"For_each_item_in_ConsultationsList": {
							"foreach": "@outputs('Get_items_of_interest_from_ConsultationsList')?['body/value']",
							"actions": {
								"Select_ECGroups_values": {
									"runAfter": {
										"Get_Consultation_date": [
											"Succeeded"
										]
									},
									"metadata": {
										"operationMetadataId": "c6604ed1-0e98-4157-ad92-0e33b2e18a3d"
									},
									"type": "Select",
									"inputs": {
										"from": "@items('For_each_item_in_ConsultationsList')?['ECGroups']",
										"select": {
											"Value": "@item()?['Value']"
										}
									}
								},
								"Set_ECGroups_array_variable": {
									"runAfter": {
										"Select_ECGroups_values": [
											"Succeeded"
										]
									},
									"type": "SetVariable",
									"inputs": {
										"name": "ECGroupsArray",
										"value": "@body('Select_ECGroups_values')"
									}
								},
								"Get_Consultation_date": {
									"type": "SetVariable",
									"inputs": {
										"name": "ConsultationDate",
										"value": "@items('For_each_item_in_ConsultationsList')?['Startdate']"
									}
								},
								"Debug_-_Minimum_Consultation_date_year": {
									"runAfter": {
										"Set_ECGroups_array_variable": [
											"Succeeded"
										]
									},
									"type": "Compose",
									"inputs": "@variables('MinimumYear')"
								},
								"Debug_-_Current_Consultation_date_year": {
									"runAfter": {
										"Debug_-_Minimum_Consultation_date_year": [
											"Succeeded"
										]
									},
									"type": "Compose",
									"inputs": "@int(formatDateTime(variables('ConsultationDate'), 'yyyy'))"
								},
								"Does_Consultation_date_meet_selection_criteria": {
									"actions": {
										"Create_item_in_ECConsultationsList": {
											"type": "OpenApiConnection",
											"inputs": {
												"parameters": {
													"dataset": "https://eea1.sharepoint.com/teams/-EXT-EuropeanCommission516",
													"table": "6d6daf1b-8c7d-49ac-bef6-07d68ea9db30",
													"item/Title": "@items('For_each_item_in_ConsultationsList')?['Title']",
													"item/Startdate": "@items('For_each_item_in_ConsultationsList')?['Startdate']",
													"item/Closed": "@items('For_each_item_in_ConsultationsList')?['Closed']",
													"item/Deadline": "@items('For_each_item_in_ConsultationsList')?['Deadline']",
													"item/OriginalConsultationId": "@items('For_each_item_in_ConsultationsList')?['ID']",
													"item/ConsultationType/Value": "@items('For_each_item_in_ConsultationsList')?['ConsultationType']?['Value']",
													"item/Consulationmanager/Claims": "@items('For_each_item_in_ConsultationsList')?['Consulationmanager']?['Claims']",
													"item/LinkToECTool": "@items('For_each_item_in_ConsultationsList')?['LinkToECTool']",
													"item/LinkToMaterial": "@items('For_each_item_in_ConsultationsList')?['LinkToMaterial']",
													"item/ECGroups": "@variables('ECGroupsArray')"
												},
												"host": {
													"apiId": "/providers/Microsoft.PowerApps/apis/shared_sharepointonline",
													"connectionName": "shared_sharepointonline",
													"operationId": "PostItem"
												},
												"authentication": {
													"value": "@json(decodeBase64(triggerOutputs().headers['X-MS-APIM-Tokens']))['$ConnectionKey']",
													"type": "Raw"
												}
											}
										}
									},
									"runAfter": {
										"Debug_-_Current_Consultation_date_year": [
											"Succeeded"
										]
									},
									"else": {
										"actions": {
											"Debug_-_The_Consultation_date_is_too_old": {
												"type": "Compose",
												"inputs": "The Consultation date is too old."
											}
										}
									},
									"expression": {
										"and": [
											{
												"greaterOrEquals": [
													"@outputs('Debug_-_Current_Consultation_date_year')",
													"@outputs('Debug_-_Minimum_Consultation_date_year')"
												]
											}
										]
									},
									"type": "If"
								}
							},
							"runAfter": {
								"Get_items_of_interest_from_ConsultationsList": [
									"Succeeded"
								]
							},
							"type": "Foreach"
						},
						"Get_items_of_interest_from_ConsultationsList": {
							"type": "OpenApiConnection",
							"inputs": {
								"parameters": {
									"dataset": "https://eea1.sharepoint.com/sites/-EXT-EionetConfiguration",
									"table": "1792f20b-3ab3-4d3a-9a19-55090075ee54",
									"$filter": "(IsECConsultation eq 'EC-only') or (IsECConsultation eq 'Eionet-and-EC')"
								},
								"host": {
									"apiId": "/providers/Microsoft.PowerApps/apis/shared_sharepointonline",
									"connectionName": "shared_sharepointonline",
									"operationId": "GetItems"
								},
								"authentication": {
									"value": "@json(decodeBase64(triggerOutputs().headers['X-MS-APIM-Tokens']))['$ConnectionKey']",
									"type": "Raw"
								}
							},
							"runtimeConfiguration": {
								"paginationPolicy": {
									"minimumItemCount": 5000
								}
							}
						}
					},
					"runAfter": {
						"Get_ECConsultationsList_count": [
							"Succeeded"
						]
					},
					"else": {
						"actions": {
							"Terminate_with_failure_message": {
								"type": "Terminate",
								"inputs": {
									"runStatus": "Failed",
									"runError": {
										"code": "-1",
										"message": "Cleaning the ECConsultationsList existing content failed! Please re-run the flow."
									}
								}
							}
						}
					},
					"expression": {
						"and": [
							{
								"equals": [
									"@variables('ECConsultationsListLength')",
									0
								]
							}
						]
					},
					"type": "If"
				},
				"Set_minimum_Consultation_year": {
					"runAfter": {},
					"type": "InitializeVariable",
					"inputs": {
						"variables": [
							{
								"name": "MinimumYear",
								"type": "integer",
								"value": 2024
							}
						]
					}
				},
				"Define_deleted_items_variable": {
					"runAfter": {
						"Define_Consultation_date_variable": [
							"Succeeded"
						]
					},
					"type": "InitializeVariable",
					"inputs": {
						"variables": [
							{
								"name": "DeletedItems",
								"type": "integer",
								"value": 0
							}
						]
					}
				},
				"Get_deleted_items_count": {
					"runAfter": {
						"For_each_item_in_ECConsultationsList": [
							"Succeeded"
						]
					},
					"type": "Compose",
					"inputs": "@variables('DeletedItems')"
				},
				"Debug_-_ECConsultationsList_deleted_items_count": {
					"runAfter": {
						"Get_deleted_items_count": [
							"Succeeded"
						]
					},
					"type": "Compose",
					"inputs": "@concat(variables('DeletedItems'), ' items were deleted from ECConsultationsList.')"
				},
				"Define_ECGroups_array_variable": {
					"runAfter": {
						"Define_deleted_items_variable": [
							"Succeeded"
						]
					},
					"type": "InitializeVariable",
					"inputs": {
						"variables": [
							{
								"name": "ECGroupsArray",
								"type": "array"
							}
						]
					}
				},
				"Define_Consultation_date_variable": {
					"runAfter": {
						"Set_minimum_Consultation_year": [
							"Succeeded"
						]
					},
					"type": "InitializeVariable",
					"inputs": {
						"variables": [
							{
								"name": "ConsultationDate",
								"type": "string"
							}
						]
					}
				}
			}
		},
		"connectionReferences": {
			"shared_sharepointonline": {
				"connectionName": "30701ad70fa345128eac9b8242c79131",
				"source": "Invoker",
				"id": "/providers/Microsoft.PowerApps/apis/shared_sharepointonline",
				"tier": "NotSpecified"
			}
		},
		"flowFailureAlertSubscribed": false,
		"isManaged": false
	}
}